,จังหวัด,จำนวนสมาชิกสภาผู้แทนราษฎร,จำนวนเขตเลือกตั้ง,ท้องที่ที่ประกอบเป็นเขตเลือกตั้ง,ลำดับที่,เขตเลือกตั้งที่,interior,exterior,subinterior
0,ตราด,1,1,ทั้งจังหวัด,1,1,,,
1,นครนายก,1,1,ทั้งจังหวัด,2,1,,,
2,พังงา,1,1,ทั้งจังหวัด,3,1,,,
3,แม่ฮ่องสอน,1,1,ทั้งจังหวัด,4,1,,,
4,ระนอง,1,1,ทั้งจังหวัด,5,1,,,
5,สมุทรสงคราม,1,1,ทั้งจังหวัด,6,1,,,
6,สิงห์บุรี,1,1,ทั้งจังหวัด,7,1,,,
7,อ่างทอง,1,1,ทั้งจังหวัด,8,1,,,
8,กระบี่,2,2,เมืองกระบี่,9,1,,,
9,กระบี่,2,2,อ่าวลึก,9,1,,,
10,กระบี่,2,2,ปลายพระยา,9,1,,,
11,กระบี่,2,2,เขาพนม,9,1,หน้าเขา,,
12,กระบี่,2,2,เขาพนม,9,1,เขาดิน,,
13,กระบี่,2,2,เหนือคลอง,9,2,,,
14,กระบี่,2,2,คลองท่อม,9,2,,,
15,กระบี่,2,2,เกาะลันตา,9,2,,,
16,กระบี่,2,2,ลำทับ,9,2,,,
17,กระบี่,2,2,เขาพนม,9,2,,หน้าเขา,
18,กระบี่,2,2,เขาพนม,9,2,,เขาดิน,
19,ชัยนาท,2,2,เมืองชัยนาท,10,1,,,
20,ชัยนาท,2,2,สรรพยา,10,1,,,
21,ชัยนาท,2,2,มโนรมย์,10,1,,,
22,ชัยนาท,2,2,วัดสิงห์,10,1,มะขามเฒ่า,,
23,ชัยนาท,2,2,วัดสิงห์,10,1,หนองน้อย,,
24,ชัยนาท,2,2,วัดสิงห์,10,1,หนองบัว,,
25,ชัยนาท,2,2,วัดสิงห์,10,1,หนองขุ่น,,
26,ชัยนาท,2,2,วัดสิงห์,10,1,เทศบาลตำบลวัดสิงห์,,
27,ชัยนาท,2,2,สรรคบุรี,10,2,,,
28,ชัยนาท,2,2,หันคา,10,2,,,
29,ชัยนาท,2,2,เนินขาม,10,2,,,
30,ชัยนาท,2,2,หนองมะโมง,10,2,,,
31,ชัยนาท,2,2,วัดสิงห์,10,2,,มะขามเฒ่า,
32,ชัยนาท,2,2,วัดสิงห์,10,2,,หนองน้อย,
33,ชัยนาท,2,2,วัดสิงห์,10,2,,หนองบัว,
34,ชัยนาท,2,2,วัดสิงห์,10,2,,หนองขุ่น,
35,ชัยนาท,2,2,วัดสิงห์,10,2,,เทศบาลตำบลวัดสิงห์,
36,บึงกาฬ,2,2,เมืองบึงกาฬ,11,1,,,
37,บึงกาฬ,2,2,โซ่พิสัย,11,1,,,
38,บึงกาฬ,2,2,ปากคาด,11,1,,,
39,บึงกาฬ,2,2,บุ่งคล้า,11,1,,,
40,บึงกาฬ,2,2,เซกา,11,2,,,
41,บึงกาฬ,2,2,พรเจริญ,11,2,,,
42,บึงกาฬ,2,2,ศรีวิไล,11,2,,,
43,บึงกาฬ,2,2,บึงโขงหลง,11,2,,,
44,แพร่,2,2,เมืองแพร่,12,1,,,
45,แพร่,2,2,สอง,12,1,,,
46,แพร่,2,2,ร้องกวาง,12,1,,,
47,แพร่,2,2,หนองม่วงไข่,12,1,,,
48,แพร่,2,2,สูงเม่น,12,2,,,
49,แพร่,2,2,เด่นชัย,12,2,,,
50,แพร่,2,2,ลอง,12,2,,,
51,แพร่,2,2,วังชิ้น,12,2,,,
52,ภูเก็ต,2,2,เมืองภูเก็ต,13,1,,เกาะแก้ว,
53,ภูเก็ต,2,2,เมืองภูเก็ต,13,1,,ราไวย์,
54,ภูเก็ต,2,2,เมืองภูเก็ต,13,1,,กะรน,
55,ภูเก็ต,2,2,ถลาง,13,2,,,
56,ภูเก็ต,2,2,กะทู้,13,2,,,
57,ภูเก็ต,2,2,เมืองภูเก็ต,13,2,เกาะแก้ว,,
58,ภูเก็ต,2,2,เมืองภูเก็ต,13,2,ราไวย์,,
59,ภูเก็ต,2,2,เมืองภูเก็ต,13,2,กะรน,,
60,มุกดาหาร,2,2,เมืองมุกดาหาร,14,1,มุกดาหาร,,
61,มุกดาหาร,2,2,เมืองมุกดาหาร,14,1,ศรีบุญเรือง,,
62,มุกดาหาร,2,2,เมืองมุกดาหาร,14,1,คำอาฮวน,,
63,มุกดาหาร,2,2,เมืองมุกดาหาร,14,1,ดงเย็น,,
64,มุกดาหาร,2,2,เมืองมุกดาหาร,14,1,บางทรายใหญ่,,
65,มุกดาหาร,2,2,เมืองมุกดาหาร,14,1,บ้านโคก,,
66,มุกดาหาร,2,2,เมืองมุกดาหาร,14,1,คำป่าหลาย,,
67,มุกดาหาร,2,2,เมืองมุกดาหาร,14,1,กุดแข้,,
68,มุกดาหาร,2,2,เมืองมุกดาหาร,14,1,นาสีนวน,,
69,มุกดาหาร,2,2,เมืองมุกดาหาร,14,1,โพนทราย,,
70,มุกดาหาร,2,2,ดอนตาล,14,1,,,
71,มุกดาหาร,2,2,หว้านใหญ่,14,1,,,
72,มุกดาหาร,2,2,เมืองมุกดาหาร,14,2,,มุกดาหาร,
73,มุกดาหาร,2,2,เมืองมุกดาหาร,14,2,,ศรีบุญเรือง,
74,มุกดาหาร,2,2,เมืองมุกดาหาร,14,2,,คำอาฮวน,
75,มุกดาหาร,2,2,เมืองมุกดาหาร,14,2,,ดงเย็น,
76,มุกดาหาร,2,2,เมืองมุกดาหาร,14,2,,บางทรายใหญ่,
77,มุกดาหาร,2,2,เมืองมุกดาหาร,14,2,,บ้านโคก,
78,มุกดาหาร,2,2,เมืองมุกดาหาร,14,2,,คำป่าหลาย,
79,มุกดาหาร,2,2,เมืองมุกดาหาร,14,2,,กุดแข้,
80,มุกดาหาร,2,2,เมืองมุกดาหาร,14,2,,นาสีนวน,
81,มุกดาหาร,2,2,เมืองมุกดาหาร,14,2,,โพนทราย,
82,มุกดาหาร,2,2,คำชะอี,14,2,,,
83,มุกดาหาร,2,2,นิคมคำสร้อย,14,2,,,
84,มุกดาหาร,2,2,ดงหลวง,14,2,,,
85,มุกดาหาร,2,2,หนองสูง,14,2,,,
86,ลำพูน,2,2,เมืองลำพูน,15,1,,,
87,ลำพูน,2,2,แม่ทา,15,1,,,
88,ลำพูน,2,2,บ้านธิ,15,1,,,
89,ลำพูน,2,2,เวียงหนองล่อง,15,2,,,
90,ลำพูน,2,2,บ้านโฮ่ง,15,2,,,
91,ลำพูน,2,2,ทุ่งหัวช้าง,15,2,,,
92,ลำพูน,2,2,ลี้,15,2,,,
93,ลำพูน,2,2,ป่าซาง,15,2,,,
94,สตูล,2,2,เมืองสตูล,16,1,,,
95,สตูล,2,2,ควนโดน,16,1,,,
96,สตูล,2,2,ควนกาหลง,16,1,ทุ่งนุ้ย,,
97,สตูล,2,2,ควนกาหลง,16,2,,ทุ่งนุ้ย,
98,สตูล,2,2,ละงู,16,2,,,
99,สตูล,2,2,ท่าแพ,16,2,,,
100,สตูล,2,2,ทุ่งหว้า,16,2,,,
101,สตูล,2,2,มะนัง,16,2,,,
102,อำนาจเจริญ,2,2,เมืองอำนาจเจริญ,17,1,,,
103,อำนาจเจริญ,2,2,หัวตะพาน,17,1,,,
104,อำนาจเจริญ,2,2,ปทุมราชวงศา,17,2,,,
105,อำนาจเจริญ,2,2,ลืออำนาจ,17,2,,,
106,อำนาจเจริญ,2,2,ชานุมาน,17,2,,,
107,อำนาจเจริญ,2,2,เสนางคนิคม,17,2,,,
108,อำนาจเจริญ,2,2,พนา,17,2,,,
109,อุตรดิตถ์,2,2,เมืองอุตรดิตถ์,18,1,,,
110,อุตรดิตถ์,2,2,ตรอน,18,1,,,
111,อุตรดิตถ์,2,2,ลับแล,18,1,,,
112,อุตรดิตถ์,2,2,พิชัย,18,2,,,
113,อุตรดิตถ์,2,2,ทองแสนขัน,18,2,,,
114,อุตรดิตถ์,2,2,ท่าปลา,18,2,,,
115,อุตรดิตถ์,2,2,น้ำปาด,18,2,,,
116,อุตรดิตถ์,2,2,ฟากท่า,18,2,,,
117,อุตรดิตถ์,2,2,บ้านโคก,18,2,,,
118,อุทัยธานี,2,2,เมืองอุทัยธานี,19,1,,,
119,อุทัยธานี,2,2,หนองขาหย่าง,19,1,,,
120,อุทัยธานี,2,2,ทัพทัน,19,1,,,
121,อุทัยธานี,2,2,สว่างอารมณ์,19,1,,,
122,อุทัยธานี,2,2,หนองฉาง,19,1,,ทุ่งโพ,
123,อุทัยธานี,2,2,หนองฉาง,19,1,,เขากวางทอง,
124,อุทัยธานี,2,2,หนองฉาง,19,1,,เขาบางแกรก,
125,อุทัยธานี,2,2,ลานสัก,19,2,,,
126,อุทัยธานี,2,2,ห้วยคต,19,2,,,
127,อุทัยธานี,2,2,บ้านไร่,19,2,,,
128,อุทัยธานี,2,2,หนองฉาง,19,2,ทุ่งโพ,,
129,อุทัยธานี,2,2,หนองฉาง,19,2,เขากวางทอง,,
130,อุทัยธานี,2,2,หนองฉาง,19,2,เขาบางแกรก,,
131,จันทบุรี,3,3,เมืองจันทบุรี,20,1,,,
132,จันทบุรี,3,3,แหลมสิงห์,20,1,,,
133,จันทบุรี,3,3,ท่าใหม่,20,2,,,
134,จันทบุรี,3,3,นายายอาม,20,2,,,
135,จันทบุรี,3,3,แก่งหางแมว,20,2,,,
136,จันทบุรี,3,3,เขาคิชฌกูฏ,20,2,,,
137,จันทบุรี,3,3,โป่งน้ำร้อน,20,3,,,
138,จันทบุรี,3,3,ขลุง,20,3,,,
139,จันทบุรี,3,3,มะขาม,20,3,,,
140,จันทบุรี,3,3,สอยดาว,20,3,,,
141,ชุมพร,3,3,เมืองชุมพร,21,1,,วังใหม่,
142,ชุมพร,3,3,เมืองชุมพร,21,1,,บ้านนา,
143,ชุมพร,3,3,เมืองชุมพร,21,1,,หาดพันไกร,
144,ชุมพร,3,3,เมืองชุมพร,21,1,,บางลึก,
145,ชุมพร,3,3,เมืองชุมพร,21,1,,ถ้ำสิงห์,
146,ชุมพร,3,3,สวี,21,1,,เขาทะลุ,
147,ชุมพร,3,3,สวี,21,1,,เขาค่าย,
148,ชุมพร,3,3,เมืองชุมพร,21,2,วังใหม่,,
149,ชุมพร,3,3,เมืองชุมพร,21,2,บ้านนา,,
150,ชุมพร,3,3,เมืองชุมพร,21,2,หาดพันไกร,,
151,ชุมพร,3,3,เมืองชุมพร,21,2,บางลึก,,
152,ชุมพร,3,3,เมืองชุมพร,21,2,ถ้ำสิงห์,,
153,ชุมพร,3,3,ท่าแซะ,21,2,,,
154,ชุมพร,3,3,ปะทิว,21,2,,,
155,ชุมพร,3,3,สวี,21,3,เขาทะลุ,,
156,ชุมพร,3,3,สวี,21,3,เขาค่าย,,
157,ชุมพร,3,3,หลังสวน,21,3,,,
158,ชุมพร,3,3,ละแม,21,3,,,
159,ชุมพร,3,3,พะโต๊ะ,21,3,,,
160,ชุมพร,3,3,ทุ่งตะโก,21,3,,,
161,ตรัง,3,3,เมืองตรัง,22,1,,,
162,ตรัง,3,3,นาโยง,22,1,,,
163,ตรัง,3,3,ย่านตาขาว,22,1,นาชุมเห็ด,,
164,ตรัง,3,3,ย่านตาขาว,22,1,โพรงจระเข้,,
165,ตรัง,3,3,ห้วยยอด,22,2,,,
166,ตรัง,3,3,รัษฎา,22,2,,,
167,ตรัง,3,3,วังวิเศษ,22,2,,,
168,ตรัง,3,3,สิเกา,22,2,,,
169,ตรัง,3,3,กันตัง,22,2,โคกยาง,,
170,ตรัง,3,3,กันตัง,22,3,,โคกยาง,
171,ตรัง,3,3,ปะเหลียน,22,3,,,
172,ตรัง,3,3,หาดสำราญ,22,3,,,
173,ตรัง,3,3,ย่านตาขาว,22,3,,นาชุมเห็ด,
174,ตรัง,3,3,ย่านตาขาว,22,3,,โพรงจระเข้,
175,ตาก,3,3,เมืองตาก,23,1,,,
176,ตาก,3,3,บ้านตาก,23,1,,ท้องฟ้า,
177,ตาก,3,3,บ้านตาก,23,1,,เกาะตะเภา,
178,ตาก,3,3,วังเจ้า,23,1,,,
179,ตาก,3,3,สามเงา,23,1,,,
180,ตาก,3,3,แม่สอด,23,2,,แม่กาษา,
181,ตาก,3,3,แม่สอด,23,2,,ท่าสายลวด,
182,ตาก,3,3,แม่สอด,23,2,,แม่ปะ,
183,ตาก,3,3,พบพระ,23,2,,,
184,ตาก,3,3,อุ้มผาง,23,2,,,
185,ตาก,3,3,แม่สอด,23,3,แม่กาษา,,
186,ตาก,3,3,แม่สอด,23,3,ท่าสายลวด,,
187,ตาก,3,3,แม่สอด,23,3,แม่ปะ,,
188,ตาก,3,3,แม่ระมาด,23,3,,,
189,ตาก,3,3,ท่าสองยาง,23,3,,,
190,ตาก,3,3,บ้านตาก,23,3,ท้องฟ้า,,
191,ตาก,3,3,บ้านตาก,23,3,เกาะตะเภา,,
192,น่าน,3,3,เมืองน่าน,24,1,,,
193,น่าน,3,3,ภูเพียง,24,1,,,
194,น่าน,3,3,ท่าวังผา,24,1,,,
195,น่าน,3,3,เวียงสา,24,2,,,
196,น่าน,3,3,นาน้อย,24,2,,,
197,น่าน,3,3,นาหมื่น,24,2,,,
198,น่าน,3,3,แม่จริม,24,2,,,
199,น่าน,3,3,บ้านหลวง,24,2,,,
200,น่าน,3,3,สันติสุข,24,2,,,
201,น่าน,3,3,ปัว,24,3,,,
202,น่าน,3,3,เชียงกลาง,24,3,,,
203,น่าน,3,3,สองแคว,24,3,,,
204,น่าน,3,3,บ่อเกลือ,24,3,,,
205,น่าน,3,3,เฉลิมพระเกียรติ,24,3,,,
206,น่าน,3,3,ทุ่งช้าง,24,3,,,
207,ประจวบคีรีขันธ์,3,3,เมืองประจวบคีรีขันธ์,25,1,,,
208,ประจวบคีรีขันธ์,3,3,กุยบุรี,25,1,,,
209,ประจวบคีรีขันธ์,3,3,สามร้อยยอด,25,1,,,
210,ประจวบคีรีขันธ์,3,3,หัวหิน,25,2,,,
211,ประจวบคีรีขันธ์,3,3,ปราณบุรี,25,2,,,
212,ประจวบคีรีขันธ์,3,3,ทับสะแก,25,3,,,
213,ประจวบคีรีขันธ์,3,3,บางสะพาน,25,3,,,
214,ประจวบคีรีขันธ์,3,3,บางสะพานน้อย,25,3,,,
215,ปราจีนบุรี,3,3,เมืองปราจีนบุรี,26,1,,,
216,ปราจีนบุรี,3,3,บ้านสร้าง,26,1,,,
217,ปราจีนบุรี,3,3,ศรีมโหสถ,26,1,,,
218,ปราจีนบุรี,3,3,ศรีมหาโพธิ,26,2,,,
219,ปราจีนบุรี,3,3,ประจันตคาม,26,2,,,
220,ปราจีนบุรี,3,3,กบินทร์บุรี,26,2,ลาดตะเคียน,,
221,ปราจีนบุรี,3,3,กบินทร์บุรี,26,2,หาดนางแก้ว,,
222,ปราจีนบุรี,3,3,กบินทร์บุรี,26,2,วังดาล,,
223,ปราจีนบุรี,3,3,กบินทร์บุรี,26,2,นนทรี,,
224,ปราจีนบุรี,3,3,กบินทร์บุรี,26,2,นาแขม,,
225,ปราจีนบุรี,3,3,นาดี,26,3,,,
226,ปราจีนบุรี,3,3,กบินทร์บุรี,26,3,,ลาดตะเคียน,
227,ปราจีนบุรี,3,3,กบินทร์บุรี,26,3,,หาดนางแก้ว,
228,ปราจีนบุรี,3,3,กบินทร์บุรี,26,3,,วังดาล,
229,ปราจีนบุรี,3,3,กบินทร์บุรี,26,3,,นนทรี,
230,ปราจีนบุรี,3,3,กบินทร์บุรี,26,3,,นาแขม,
231,พะเยา,3,3,เมืองพะเยา,27,1,,,
232,พะเยา,3,3,แม่ใจ,27,1,,,
233,พะเยา,3,3,เชียงคำ,27,2,,,
234,พะเยา,3,3,จุน,27,2,,,
235,พะเยา,3,3,ภูซาง,27,2,,,
236,พะเยา,3,3,ดอกคำใต้,27,3,,,
237,พะเยา,3,3,ภูกามยาว,27,3,,,
238,พะเยา,3,3,ปง,27,3,,,
239,พะเยา,3,3,เชียงม่วน,27,3,,,
240,พัทลุง,3,3,เมืองพัทลุง,28,1,,,
241,พัทลุง,3,3,เขาชัยสน,28,1,,,
242,พัทลุง,3,3,ควนขนุน,28,2,,,
243,พัทลุง,3,3,ป่าพะยอม,28,2,,,
244,พัทลุง,3,3,ศรีบรรพต,28,2,,,
245,พัทลุง,3,3,ศรีนครินทร์,28,2,,,
246,พัทลุง,3,3,ปากพะยูน,28,3,,,
247,พัทลุง,3,3,ป่าบอน,28,3,,,
248,พัทลุง,3,3,กงหรา,28,3,,,
249,พัทลุง,3,3,ตะโหมด,28,3,,,
250,พัทลุง,3,3,บางแก้ว,28,3,,,
251,พิจิตร,3,3,เมืองพิจิตร,29,1,,,
252,พิจิตร,3,3,สามง่าม,29,1,,,
253,พิจิตร,3,3,วชิรบารมี,29,1,,,
254,พิจิตร,3,3,ตะพานหิน,29,2,,,
255,พิจิตร,3,3,ทับคล้อ,29,2,,,
256,พิจิตร,3,3,ดงเจริญ,29,2,,,
257,พิจิตร,3,3,วังทรายพูน,29,2,,,
258,พิจิตร,3,3,สากเหล็ก,29,2,,,
259,พิจิตร,3,3,โพทะเล,29,3,,,
260,พิจิตร,3,3,บางมูลนาก,29,3,,,
261,พิจิตร,3,3,บึงนาราง,29,3,,,
262,พิจิตร,3,3,โพธิ์ประทับช้าง,29,3,,,
263,เพชรบุรี,3,3,เมืองเพชรบุรี,30,1,,,
264,เพชรบุรี,3,3,บ้านแหลม,30,1,,บ้านแหลม,
265,เพชรบุรี,3,3,บ้านแหลม,30,1,,บางตะบูน,
266,เพชรบุรี,3,3,บ้านแหลม,30,1,,บางตะบูนออก,
267,เพชรบุรี,3,3,ชะอำ,30,2,,,
268,เพชรบุรี,3,3,ท่ายาง,30,2,,,
269,เพชรบุรี,3,3,เขาย้อย,30,3,,,
270,เพชรบุรี,3,3,บ้านลาด,30,3,,,
271,เพชรบุรี,3,3,หนองหญ้าปล้อง,30,3,,,
272,เพชรบุรี,3,3,แก่งกระจาน,30,3,,,
273,เพชรบุรี,3,3,บ้านแหลม,30,3,บ้านแหลม,,
274,เพชรบุรี,3,3,บ้านแหลม,30,3,บางตะบูน,,
275,เพชรบุรี,3,3,บ้านแหลม,30,3,บางตะบูนออก,,
276,ยโสธร,3,3,เมืองยโสธร,31,1,,,
277,ยโสธร,3,3,ทรายมูล,31,1,,,
278,ยโสธร,3,3,ป่าติ้ว,31,1,ศรีฐาน,,
279,ยโสธร,3,3,ป่าติ้ว,31,1,กระจาย,,
280,ยโสธร,3,3,คำเขื่อนแก้ว,31,1,ทุ่งมน,,
281,ยโสธร,3,3,คำเขื่อนแก้ว,31,2,,ทุ่งมน,
282,ยโสธร,3,3,มหาชนะชัย,31,2,,,
283,ยโสธร,3,3,ค้อวัง,31,2,,,
284,ยโสธร,3,3,ป่าติ้ว,31,2,,ศรีฐาน,
285,ยโสธร,3,3,ป่าติ้ว,31,2,,กระจาย,
286,ยโสธร,3,3,ไทยเจริญ,31,2,น้ำคำ,,
287,ยโสธร,3,3,ไทยเจริญ,31,2,คำไผ่,,
288,ยโสธร,3,3,เลิงนกทา,31,3,,,
289,ยโสธร,3,3,กุดชุม,31,3,,,
290,ยโสธร,3,3,ไทยเจริญ,31,3,,น้ำคำ,
291,ยโสธร,3,3,ไทยเจริญ,31,3,,คำไผ่,
292,ยะลา,3,3,เมืองยะลา,32,1,,บุดี,
293,ยะลา,3,3,เมืองยะลา,32,1,,เปาะเส้ง,
294,ยะลา,3,3,เมืองยะลา,32,1,,บันนังสาเรง,
295,ยะลา,3,3,ยะหา,32,1,ยะหา,,
296,ยะลา,3,3,ยะหา,32,1,ตาชี,,
297,ยะลา,3,3,ยะหา,32,1,บาโงยซิแน,,
298,ยะลา,3,3,เมืองยะลา,32,2,บุดี,,
299,ยะลา,3,3,เมืองยะลา,32,2,เปาะเส้ง,,
300,ยะลา,3,3,เมืองยะลา,32,2,บันนังสาเรง,,
301,ยะลา,3,3,รามัน,32,2,,,
302,ยะลา,3,3,ยะหา,32,2,,ยะหา,
303,ยะลา,3,3,ยะหา,32,2,,ตาชี,
304,ยะลา,3,3,ยะหา,32,2,,บาโงยซิแน,
305,ยะลา,3,3,กาบัง,32,2,,,
306,ยะลา,3,3,กรงปินัง,32,3,,,
307,ยะลา,3,3,บันนังสตา,32,3,,,
308,ยะลา,3,3,ธารโต,32,3,,,
309,ยะลา,3,3,เบตง,32,3,,,
310,เลย,3,3,เมืองเลย,33,1,,,
311,เลย,3,3,ปากชม,33,1,,,
312,เลย,3,3,นาด้วง,33,1,,,
313,เลย,3,3,เอราวัณ,33,1,เอราวัณ,,
314,เลย,3,3,เอราวัณ,33,1,ผาอินทร์แปลง,,
315,เลย,3,3,หนองหิน,33,2,,,
316,เลย,3,3,ภูหลวง,33,2,,,
317,เลย,3,3,ภูกระดึง,33,2,,,
318,เลย,3,3,ผาขาว,33,2,,,
319,เลย,3,3,วังสะพุง,33,2,วังสะพุง,,
320,เลย,3,3,วังสะพุง,33,2,หนองหญ้าปล้อง,,
321,เลย,3,3,วังสะพุง,33,2,ผาน้อย,,
322,เลย,3,3,วังสะพุง,33,2,ผาบิ้ง,,
323,เลย,3,3,วังสะพุง,33,2,โคกขมิ้น,,
324,เลย,3,3,วังสะพุง,33,2,ศรีสงคราม,,
325,เลย,3,3,เอราวัณ,33,2,,เอราวัณ,
326,เลย,3,3,เอราวัณ,33,2,,ผาอินทร์แปลง,
327,เลย,3,3,นาแห้ว,33,3,,,
328,เลย,3,3,ด่านซ้าย,33,3,,,
329,เลย,3,3,ภูเรือ,33,3,,,
330,เลย,3,3,ท่าลี่,33,3,,,
331,เลย,3,3,เชียงคาน,33,3,,,
332,เลย,3,3,วังสะพุง,33,3,,วังสะพุง,
333,เลย,3,3,วังสะพุง,33,3,,หนองหญ้าปล้อง,
334,เลย,3,3,วังสะพุง,33,3,,ผาน้อย,
335,เลย,3,3,วังสะพุง,33,3,,ผาบิ้ง,
336,เลย,3,3,วังสะพุง,33,3,,โคกขมิ้น,
337,เลย,3,3,วังสะพุง,33,3,,ศรีสงคราม,
338,สมุทรสาคร,3,3,เมืองสมุทรสาคร,34,1,มหาชัย,,
339,สมุทรสาคร,3,3,เมืองสมุทรสาคร,34,1,ท่าฉลอม,,
340,สมุทรสาคร,3,3,เมืองสมุทรสาคร,34,1,โกรกกราก,,
341,สมุทรสาคร,3,3,เมืองสมุทรสาคร,34,1,บางหญ้าแพรก,,
342,สมุทรสาคร,3,3,เมืองสมุทรสาคร,34,1,ท่าทราย,,
343,สมุทรสาคร,3,3,เมืองสมุทรสาคร,34,1,คอกกระบือ,,
344,สมุทรสาคร,3,3,เมืองสมุทรสาคร,34,1,โคกขาม,,
345,สมุทรสาคร,3,3,เมืองสมุทรสาคร,34,1,พันท้ายนรสิงห์,,
346,สมุทรสาคร,3,3,เมืองสมุทรสาคร,34,1,บางน้ำจืด,,
347,สมุทรสาคร,3,3,เมืองสมุทรสาคร,34,2,นาดี,,
348,สมุทรสาคร,3,3,กระทุ่มแบน,34,2,อ้อมน้อย,,
349,สมุทรสาคร,3,3,กระทุ่มแบน,34,2,สวนหลวง,,
350,สมุทรสาคร,3,3,กระทุ่มแบน,34,2,ตลาดกระทุ่มแบน,,
351,สมุทรสาคร,3,3,กระทุ่มแบน,34,2,ดอนไก่ดี,,
352,สมุทรสาคร,3,3,กระทุ่มแบน,34,2,ท่าไม้,,
353,สมุทรสาคร,3,3,กระทุ่มแบน,34,2,แคราย,,
354,สมุทรสาคร,3,3,กระทุ่มแบน,34,2,คลองมะเดื่อ,,
355,สมุทรสาคร,3,3,เมืองสมุทรสาคร,34,3,นาโคก,,
356,สมุทรสาคร,3,3,เมืองสมุทรสาคร,34,3,กาหลง,,
357,สมุทรสาคร,3,3,เมืองสมุทรสาคร,34,3,บางโทรัด,,
358,สมุทรสาคร,3,3,เมืองสมุทรสาคร,34,3,บ้านบ่อ,,
359,สมุทรสาคร,3,3,เมืองสมุทรสาคร,34,3,ชัยมงคล,,
360,สมุทรสาคร,3,3,เมืองสมุทรสาคร,34,3,บางกระเจ้า,,
361,สมุทรสาคร,3,3,เมืองสมุทรสาคร,34,3,บ้านเกาะ,,
362,สมุทรสาคร,3,3,เมืองสมุทรสาคร,34,3,ท่าจีน,,
363,สมุทรสาคร,3,3,กระทุ่มแบน,34,3,,อ้อมน้อย,
364,สมุทรสาคร,3,3,กระทุ่มแบน,34,3,,สวนหลวง,
365,สมุทรสาคร,3,3,กระทุ่มแบน,34,3,,ตลาดกระทุ่มแบน,
366,สมุทรสาคร,3,3,กระทุ่มแบน,34,3,,ดอนไก่ดี,
367,สมุทรสาคร,3,3,กระทุ่มแบน,34,3,,ท่าไม้,
368,สมุทรสาคร,3,3,กระทุ่มแบน,34,3,,แคราย,
369,สมุทรสาคร,3,3,กระทุ่มแบน,34,3,,คลองมะเดื่อ,
370,สมุทรสาคร,3,3,บ้านแพ้ว,34,3,,,
371,สระแก้ว,3,3,เมืองสระแก้ว,35,1,,,
372,สระแก้ว,3,3,เขาฉกรรจ์,35,1,,,
373,สระแก้ว,3,3,วังน้ำเย็น,35,1,ทุ่งมหาเจริญ,,
374,สระแก้ว,3,3,วัฒนานคร,35,2,,ช่องกุ่ม,
375,สระแก้ว,3,3,วัฒนานคร,35,2,,แซร์ออ,
376,สระแก้ว,3,3,วังน้ำเย็น,35,2,,ทุ่งมหาเจริญ,
377,สระแก้ว,3,3,คลองหาด,35,2,,,
378,สระแก้ว,3,3,วังสมบูรณ์,35,2,,,
379,สระแก้ว,3,3,อรัญประเทศ,35,3,,,
380,สระแก้ว,3,3,ตาพระยา,35,3,,,
381,สระแก้ว,3,3,โคกสูง,35,3,,,
382,สระแก้ว,3,3,วัฒนานคร,35,3,ช่องกุ่ม,,
383,สระแก้ว,3,3,วัฒนานคร,35,3,แซร์ออ,,
384,สระบุรี,3,3,เมืองสระบุรี,36,1,,,
385,สระบุรี,3,3,เฉลิมพระเกียรติ,36,1,,,
386,สระบุรี,3,3,พระพุทธบาท,36,1,,,
387,สระบุรี,3,3,แก่งคอย,36,2,,,
388,สระบุรี,3,3,วิหารแดง,36,2,,,
389,สระบุรี,3,3,มวกเหล็ก,36,2,,,
390,สระบุรี,3,3,วังม่วง,36,2,,,
391,สระบุรี,3,3,หนองแค,36,3,,,
392,สระบุรี,3,3,หนองแซง,36,3,,,
393,สระบุรี,3,3,เสาไห้,36,3,,,
394,สระบุรี,3,3,บ้านหมอ,36,3,,,
395,สระบุรี,3,3,หนองโดน,36,3,,,
396,สระบุรี,3,3,ดอนพุด,36,3,,,
397,สุโขทัย,3,3,เมืองสุโขทัย,37,1,,,
398,สุโขทัย,3,3,ศรีสำโรง,37,1,,,
399,สุโขทัย,3,3,กงไกรลาศ,37,1,ไกรกลาง,,
400,สุโขทัย,3,3,กงไกรลาศ,37,1,ไกรใน,,
401,สุโขทัย,3,3,กงไกรลาศ,37,1,กกแรต,,
402,สุโขทัย,3,3,กงไกรลาศ,37,1,บ้านใหม่สุขเกษม,,
403,สุโขทัย,3,3,ทุ่งเสลี่ยม,37,2,,,
404,สุโขทัย,3,3,บ้านด่านลานหอย,37,2,,,
405,สุโขทัย,3,3,คีรีมาศ,37,2,,,
406,สุโขทัย,3,3,กงไกรลาศ,37,2,,ไกรกลาง,
407,สุโขทัย,3,3,กงไกรลาศ,37,2,,ไกรใน,
408,สุโขทัย,3,3,กงไกรลาศ,37,2,,กกแรต,
409,สุโขทัย,3,3,กงไกรลาศ,37,2,,บ้านใหม่สุขเกษม,
410,สุโขทัย,3,3,ศรีสัชนาลัย,37,3,,,
411,สุโขทัย,3,3,ศรีนคร,37,3,,,
412,สุโขทัย,3,3,สวรรคโลก,37,3,,,
413,หนองคาย,3,3,เมืองหนองคาย,38,1,,พระธาตุบังพวน,
414,หนองคาย,3,3,เมืองหนองคาย,38,1,,เวียงคุก,
415,หนองคาย,3,3,สระใคร,38,1,,,
416,หนองคาย,3,3,โพนพิสัย,38,1,เหล่าต่างคำ,,
417,หนองคาย,3,3,โพนพิสัย,38,1,ทุ่งหลวง,,
418,หนองคาย,3,3,โพนพิสัย,38,1,สร้างนางขาว,,
419,หนองคาย,3,3,โพนพิสัย,38,2,,เหล่าต่างคำ,
420,หนองคาย,3,3,โพนพิสัย,38,2,,ทุ่งหลวง,
421,หนองคาย,3,3,โพนพิสัย,38,2,,สร้างนางขาว,
422,หนองคาย,3,3,รัตนวาปี,38,2,,,
423,หนองคาย,3,3,เฝ้าไร่,38,2,,,
424,หนองคาย,3,3,เมืองหนองคาย,38,3,พระธาตุบังพวน,,
425,หนองคาย,3,3,เมืองหนองคาย,38,3,เวียงคุก,,
426,หนองคาย,3,3,ท่าบ่อ,38,3,,,
427,หนองคาย,3,3,ศรีเชียงใหม่,38,3,,,
428,หนองคาย,3,3,โพธิ์ตาก,38,3,,,
429,หนองคาย,3,3,สังคม,38,3,,,
430,หนองบัวลำภู,3,3,เมืองหนองบัวลำภู,39,1,,,
431,หนองบัวลำภู,3,3,โนนสัง,39,1,กุดดู่,,
432,หนองบัวลำภู,3,3,โนนสัง,39,1,โนนสัง,,
433,หนองบัวลำภู,3,3,โนนสัง,39,1,บ้านค้อ,,
434,หนองบัวลำภู,3,3,โนนสัง,39,1,บ้านถิ่น,,
435,หนองบัวลำภู,3,3,โนนสัง,39,1,ปางกู่,,
436,หนองบัวลำภู,3,3,ศรีบุญเรือง,39,2,,,
437,หนองบัวลำภู,3,3,นาวัง,39,2,,วังปลาป้อม,
438,หนองบัวลำภู,3,3,โนนสัง,39,2,,กุดดู่,
439,หนองบัวลำภู,3,3,โนนสัง,39,2,,โนนสัง,
440,หนองบัวลำภู,3,3,โนนสัง,39,2,,บ้านค้อ,
441,หนองบัวลำภู,3,3,โนนสัง,39,2,,บ้านถิ่น,
442,หนองบัวลำภู,3,3,โนนสัง,39,2,,ปางกู่,
443,หนองบัวลำภู,3,3,นากลาง,39,3,,,
444,หนองบัวลำภู,3,3,สุวรรณคูหา,39,3,,,
445,หนองบัวลำภู,3,3,นาวัง,39,3,วังปลาป้อม,,
446,กำแพงเพชร,4,4,เมืองกำแพงเพชร,40,1,ในเมือง,,
447,กำแพงเพชร,4,4,เมืองกำแพงเพชร,40,1,หนองปลิง,,
448,กำแพงเพชร,4,4,เมืองกำแพงเพชร,40,1,อ่างทอง,,
449,กำแพงเพชร,4,4,เมืองกำแพงเพชร,40,1,เทพนคร,,
450,กำแพงเพชร,4,4,เมืองกำแพงเพชร,40,1,นครชุม,,
451,กำแพงเพชร,4,4,เมืองกำแพงเพชร,40,1,คลองแม่ลาย,,
452,กำแพงเพชร,4,4,เมืองกำแพงเพชร,40,1,ธำมรงค์,,
453,กำแพงเพชร,4,4,เมืองกำแพงเพชร,40,1,นิคมทุ่งโพธิ์ทะเล,,
454,กำแพงเพชร,4,4,เมืองกำแพงเพชร,40,1,วังทอง,,
455,กำแพงเพชร,4,4,เมืองกำแพงเพชร,40,1,ลานดอกไม้,,
456,กำแพงเพชร,4,4,เมืองกำแพงเพชร,40,1,คณฑี,,
457,กำแพงเพชร,4,4,เมืองกำแพงเพชร,40,1,ท่าขุนราม,,
458,กำแพงเพชร,4,4,เมืองกำแพงเพชร,40,1,นาบ่อคำ,,
459,กำแพงเพชร,4,4,เมืองกำแพงเพชร,40,1,ทรงธรรม,,
460,กำแพงเพชร,4,4,พรานกระต่าย,40,2,,,
461,กำแพงเพชร,4,4,ลานกระบือ,40,2,,,
462,กำแพงเพชร,4,4,โกสัมพีนคร,40,2,,,
463,กำแพงเพชร,4,4,ไทรงาม,40,2,มหาชัย,,
464,กำแพงเพชร,4,4,ไทรงาม,40,2,พานทอง,,
465,กำแพงเพชร,4,4,ไทรงาม,40,2,หนองคล้า,,
466,กำแพงเพชร,4,4,ไทรงาม,40,2,หนองทอง,,
467,กำแพงเพชร,4,4,เมืองกำแพงเพชร,40,2,สระแก้ว,,
468,กำแพงเพชร,4,4,คลองขลุง,40,3,,,
469,กำแพงเพชร,4,4,คลองลาน,40,3,,,
470,กำแพงเพชร,4,4,ปางศิลาทอง,40,3,,,
471,กำแพงเพชร,4,4,เมืองกำแพงเพชร,40,3,ไตรตรึงษ์,,
472,กำแพงเพชร,4,4,ขาณุวรลักษบุรี,40,4,,,
473,กำแพงเพชร,4,4,บึงสามัคคี,40,4,,,
474,กำแพงเพชร,4,4,ทรายทองวัฒนา,40,4,,,
475,กำแพงเพชร,4,4,ไทรงาม,40,4,,มหาชัย,
476,กำแพงเพชร,4,4,ไทรงาม,40,4,,พานทอง,
477,กำแพงเพชร,4,4,ไทรงาม,40,4,,หนองคล้า,
478,กำแพงเพชร,4,4,ไทรงาม,40,4,,หนองทอง,
479,ฉะเชิงเทรา,4,4,เมืองฉะเชิงเทรา,41,1,,,
480,ฉะเชิงเทรา,4,4,บางน้ำเปรี้ยว,41,1,ศาลาแดง,,
481,ฉะเชิงเทรา,4,4,บางน้ำเปรี้ยว,41,1,โพรงอากาศ,,
482,ฉะเชิงเทรา,4,4,พนมสารคาม,41,2,เขาหินซ้อน,,
483,ฉะเชิงเทรา,4,4,พนมสารคาม,41,2,หนองยาว,,
484,ฉะเชิงเทรา,4,4,พนมสารคาม,41,2,บ้านซ่อง,,
485,ฉะเชิงเทรา,4,4,บางคล้า,41,2,,,
486,ฉะเชิงเทรา,4,4,คลองเขื่อน,41,2,,,
487,ฉะเชิงเทรา,4,4,ราชสาส์น,41,2,,,
488,ฉะเชิงเทรา,4,4,บางน้ำเปรี้ยว,41,2,,ศาลาแดง,
489,ฉะเชิงเทรา,4,4,บางน้ำเปรี้ยว,41,2,,โพรงอากาศ,
490,ฉะเชิงเทรา,4,4,ท่าตะเกียบ,41,3,,,
491,ฉะเชิงเทรา,4,4,สนามชัยเขต,41,3,,,
492,ฉะเชิงเทรา,4,4,พนมสารคาม,41,3,,เขาหินซ้อน,
493,ฉะเชิงเทรา,4,4,พนมสารคาม,41,3,,หนองยาว,
494,ฉะเชิงเทรา,4,4,พนมสารคาม,41,3,,บ้านซ่อง,
495,ฉะเชิงเทรา,4,4,บ้านโพธิ์,41,4,,,
496,ฉะเชิงเทรา,4,4,บางปะกง,41,4,,,
497,ฉะเชิงเทรา,4,4,แปลงยาว,41,4,,,
498,นครพนม,4,4,ศรีสงคราม,42,1,,,
499,นครพนม,4,4,นาหว้า,42,1,,,
500,นครพนม,4,4,บ้านแพง,42,1,,,
501,นครพนม,4,4,นาทม,42,1,,,
502,นครพนม,4,4,ท่าอุเทน,42,2,,,
503,นครพนม,4,4,โพนสวรรค์,42,2,,,
504,นครพนม,4,4,เมืองนครพนม,42,2,เทศบาลเมืองนครพนม,,
505,นครพนม,4,4,ธาตุพนม,42,3,,,
506,นครพนม,4,4,เรณูนคร,42,3,,,
507,นครพนม,4,4,เมืองนครพนม,42,3,ขามเฒ่า,,
508,นครพนม,4,4,เมืองนครพนม,42,3,คำเตย,,
509,นครพนม,4,4,เมืองนครพนม,42,3,นาทราย,,
510,นครพนม,4,4,เมืองนครพนม,42,3,ดงขวาง,,
511,นครพนม,4,4,เมืองนครพนม,42,3,บ้านกลาง,,
512,นครพนม,4,4,เมืองนครพนม,42,3,โพธิ์ตาก,,
513,นครพนม,4,4,นาแก,42,4,,,
514,นครพนม,4,4,ปลาปาก,42,4,,,
515,นครพนม,4,4,วังยาง,42,4,,,
516,นครพนม,4,4,เมืองนครพนม,42,4,กุรุคุ,,
517,นครพนม,4,4,เมืองนครพนม,42,4,บ้านผึ้ง,,
518,นครพนม,4,4,เมืองนครพนม,42,4,วังตามัว,,
519,นราธิวาส,4,4,เมืองนราธิวาส,43,1,,,
520,นราธิวาส,4,4,ตากใบ,43,1,,,
521,นราธิวาส,4,4,สุไหงโก-ลก,43,2,,,
522,นราธิวาส,4,4,แว้ง,43,2,,,
523,นราธิวาส,4,4,สุไหงปาดี,43,2,,,
524,นราธิวาส,4,4,ระแงะ,43,3,,,
525,นราธิวาส,4,4,จะแนะ,43,3,,,
526,นราธิวาส,4,4,เจาะไอร้อง,43,3,,,
527,นราธิวาส,4,4,สุคิริน,43,3,,,
528,นราธิวาส,4,4,บาเจาะ,43,4,,,
529,นราธิวาส,4,4,ยี่งอ,43,4,,,
530,นราธิวาส,4,4,รือเสาะ,43,4,,,
531,นราธิวาส,4,4,ศรีสาคร,43,4,,,
532,ปัตตานี,4,4,เมืองปัตตานี,44,1,,,
533,ปัตตานี,4,4,ยะหริ่ง,44,1,บางปู,,
534,ปัตตานี,4,4,ยะหริ่ง,44,1,แหลมโพธิ์,,
535,ปัตตานี,4,4,ยะหริ่ง,44,1,ตะโละกาโปร์,,
536,ปัตตานี,4,4,ยะหริ่ง,44,1,ยามู,,
537,ปัตตานี,4,4,ยะหริ่ง,44,1,ราตาปันยัง,,
538,ปัตตานี,4,4,ยะหริ่ง,44,1,ตาแกะ,,
539,ปัตตานี,4,4,ยะหริ่ง,44,1,ปิยามุมัง,,
540,ปัตตานี,4,4,ยะหริ่ง,44,1,ตะโละ,,
541,ปัตตานี,4,4,ยะหริ่ง,44,1,ตาลีอายร์,,
542,ปัตตานี,4,4,ยะหริ่ง,44,1,ปุลากง,,
543,ปัตตานี,4,4,หนองจิก,44,2,,,
544,ปัตตานี,4,4,โคกโพธิ์,44,2,,,
545,ปัตตานี,4,4,แม่ลาน,44,2,,,
546,ปัตตานี,4,4,ปะนาเระ,44,3,,,
547,ปัตตานี,4,4,สายบุรี,44,3,,,
548,ปัตตานี,4,4,ไม้แก่น,44,3,,,
549,ปัตตานี,4,4,กะพ้อ,44,3,,,
550,ปัตตานี,4,4,ยะหริ่ง,44,3,,บางปู,
551,ปัตตานี,4,4,ยะหริ่ง,44,3,,แหลมโพธิ์,
552,ปัตตานี,4,4,ยะหริ่ง,44,3,,ตะโละกาโปร์,
553,ปัตตานี,4,4,ยะหริ่ง,44,3,,ยามู,
554,ปัตตานี,4,4,ยะหริ่ง,44,3,,ราตาปันยัง,
555,ปัตตานี,4,4,ยะหริ่ง,44,3,,ตาแกะ,
556,ปัตตานี,4,4,ยะหริ่ง,44,3,,ปิยามุมัง,
557,ปัตตานี,4,4,ยะหริ่ง,44,3,,ตะโละ,
558,ปัตตานี,4,4,ยะหริ่ง,44,3,,ตาลีอายร์,
559,ปัตตานี,4,4,ยะหริ่ง,44,3,,ปุลากง,
560,ปัตตานี,4,4,ยะรัง,44,4,,,
561,ปัตตานี,4,4,มายอ,44,4,,,
562,ปัตตานี,4,4,ทุ่งยางแดง,44,4,,,
563,พระนครศรีอยุธยา,4,4,พระนครศรีอยุธยา,45,1,,,
564,พระนครศรีอยุธยา,4,4,อุทัย,45,1,,,
565,พระนครศรีอยุธยา,4,4,บางปะหัน,45,2,,,
566,พระนครศรีอยุธยา,4,4,มหาราช,45,2,,,
567,พระนครศรีอยุธยา,4,4,ท่าเรือ,45,2,,,
568,พระนครศรีอยุธยา,4,4,นครหลวง,45,2,,,
569,พระนครศรีอยุธยา,4,4,ภาชี,45,2,,,
570,พระนครศรีอยุธยา,4,4,บ้านแพรก,45,2,,,
571,พระนครศรีอยุธยา,4,4,บางปะอิน,45,3,,,
572,พระนครศรีอยุธยา,4,4,บางไทร,45,3,,,
573,พระนครศรีอยุธยา,4,4,วังน้อย,45,3,,,
574,พระนครศรีอยุธยา,4,4,เสนา,45,4,,,
575,พระนครศรีอยุธยา,4,4,บางซ้าย,45,4,,,
576,พระนครศรีอยุธยา,4,4,ผักไห่,45,4,,,
577,พระนครศรีอยุธยา,4,4,บางบาล,45,4,,,
578,พระนครศรีอยุธยา,4,4,ลาดบัวหลวง,45,4,,,
579,ระยอง,4,4,เมืองระยอง,46,1,,เทศบาลเมืองมาบตาพุด,
580,ระยอง,4,4,แกลง,46,2,,,
581,ระยอง,4,4,วังจันทร์,46,2,,,
582,ระยอง,4,4,เขาชะเมา,46,2,,,
583,ระยอง,4,4,บ้านค่าย,46,3,,,
584,ระยอง,4,4,ปลวกแดง,46,3,,,
585,ระยอง,4,4,นิคมพัฒนา,46,3,,,
586,ระยอง,4,4,เมืองระยอง,46,4,เทศบาลเมืองมาบตาพุด,,
587,ระยอง,4,4,บ้านฉาง,46,4,,,
588,ลพบุรี,4,4,เมืองลพบุรี,47,1,เขาสามยอด,,
589,ลพบุรี,4,4,เมืองลพบุรี,47,1,ท่าหิน,,
590,ลพบุรี,4,4,เมืองลพบุรี,47,1,ทะเลชุบศร,,
591,ลพบุรี,4,4,เมืองลพบุรี,47,1,เขาพระงาม,,
592,ลพบุรี,4,4,เมืองลพบุรี,47,1,ท่าศาลา,,
593,ลพบุรี,4,4,เมืองลพบุรี,47,1,โคกตูม,,
594,ลพบุรี,4,4,เมืองลพบุรี,47,1,นิคมสร้างตนเอง,,
595,ลพบุรี,4,4,เมืองลพบุรี,47,1,ถนนใหญ่,,
596,ลพบุรี,4,4,เมืองลพบุรี,47,1,กกโก,,
597,ลพบุรี,4,4,เมืองลพบุรี,47,1,ป่าตาล,,
598,ลพบุรี,4,4,เมืองลพบุรี,47,1,ท่าแค,,
599,ลพบุรี,4,4,เมืองลพบุรี,47,2,,เขาสามยอด,
600,ลพบุรี,4,4,เมืองลพบุรี,47,2,,ท่าหิน,
601,ลพบุรี,4,4,เมืองลพบุรี,47,2,,ทะเลชุบศร,
602,ลพบุรี,4,4,เมืองลพบุรี,47,2,,เขาพระงาม,
603,ลพบุรี,4,4,เมืองลพบุรี,47,2,,ท่าศาลา,
604,ลพบุรี,4,4,เมืองลพบุรี,47,2,,โคกตูม,
605,ลพบุรี,4,4,เมืองลพบุรี,47,2,,นิคมสร้างตนเอง,
606,ลพบุรี,4,4,เมืองลพบุรี,47,2,,ถนนใหญ่,
607,ลพบุรี,4,4,เมืองลพบุรี,47,2,,กกโก,
608,ลพบุรี,4,4,เมืองลพบุรี,47,2,,ป่าตาล,
609,ลพบุรี,4,4,เมืองลพบุรี,47,2,,ท่าแค,
610,ลพบุรี,4,4,ท่าวุ้ง,47,2,,,
611,ลพบุรี,4,4,บ้านหมี่,47,2,,,
612,ลพบุรี,4,4,โคกสำโรง,47,3,,,
613,ลพบุรี,4,4,หนองม่วง,47,3,,,
614,ลพบุรี,4,4,พัฒนานิคม,47,3,,,
615,ลพบุรี,4,4,ชัยบาดาล,47,4,,,
616,ลพบุรี,4,4,ท่าหลวง,47,4,,,
617,ลพบุรี,4,4,ลำสนธิ,47,4,,,
618,ลพบุรี,4,4,สระโบสถ์,47,4,,,
619,ลพบุรี,4,4,โคกเจริญ,47,4,,,
620,ลำปาง,4,4,เมืองลำปาง,48,1,,เทศบาลเมืองเขลางค์นคร,
621,ลำปาง,4,4,ห้างฉัตร,48,1,,,
622,ลำปาง,4,4,งาว,48,2,,,
623,ลำปาง,4,4,วังเหนือ,48,2,,,
624,ลำปาง,4,4,แจ้ห่ม,48,2,,,
625,ลำปาง,4,4,เมืองปาน,48,2,,,
626,ลำปาง,4,4,เมืองลำปาง,48,3,เทศบาลเมืองเขลางค์นคร,,
627,ลำปาง,4,4,แม่เมาะ,48,3,,,
628,ลำปาง,4,4,แม่ทะ,48,3,,,
629,ลำปาง,4,4,เกาะคา,48,4,,,
630,ลำปาง,4,4,เสริมงาม,48,4,,,
631,ลำปาง,4,4,สบปราบ,48,4,,,
632,ลำปาง,4,4,เถิน,48,4,,,
633,ลำปาง,4,4,แม่พริก,48,4,,,
634,สุพรรณบุรี,4,4,เมืองสุพรรณบุรี,49,1,,,
635,สุพรรณบุรี,4,4,บางปลาม้า,49,1,จรเข้ใหญ่,,
636,สุพรรณบุรี,4,4,บางปลาม้า,49,1,โคกคราม,,
637,สุพรรณบุรี,4,4,บางปลาม้า,49,1,บางปลาม้า,,
638,สุพรรณบุรี,4,4,บางปลาม้า,49,1,องครักษ์,,
639,สุพรรณบุรี,4,4,บางปลาม้า,49,1,ตะค่า,,
640,สุพรรณบุรี,4,4,บางปลาม้า,49,1,วัดดาว,,
641,สุพรรณบุรี,4,4,บางปลาม้า,49,1,บ้านแหลม,,
642,สุพรรณบุรี,4,4,บางปลาม้า,49,1,ไผ่กองดิน,,
643,สุพรรณบุรี,4,4,บางปลาม้า,49,2,,จรเข้ใหญ่,
644,สุพรรณบุรี,4,4,บางปลาม้า,49,2,,โคกคราม,
645,สุพรรณบุรี,4,4,บางปลาม้า,49,2,,บางปลาม้า,
646,สุพรรณบุรี,4,4,บางปลาม้า,49,2,,องครักษ์,
647,สุพรรณบุรี,4,4,บางปลาม้า,49,2,,ตะค่า,
648,สุพรรณบุรี,4,4,บางปลาม้า,49,2,,วัดดาว,
649,สุพรรณบุรี,4,4,บางปลาม้า,49,2,,บ้านแหลม,
650,สุพรรณบุรี,4,4,บางปลาม้า,49,2,,ไผ่กองดิน,
651,สุพรรณบุรี,4,4,สองพี่น้อง,49,2,,,
652,สุพรรณบุรี,4,4,อู่ทอง,49,2,เจดีย์,,
653,สุพรรณบุรี,4,4,อู่ทอง,49,2,กระจัน,,
654,สุพรรณบุรี,4,4,อู่ทอง,49,2,จรเข้สามพัน,,
655,สุพรรณบุรี,4,4,อู่ทอง,49,2,ยุ้งทะลาย,,
656,สุพรรณบุรี,4,4,อู่ทอง,49,2,บ้านดอน,,
657,สุพรรณบุรี,4,4,อู่ทอง,49,2,สระยายโสม,,
658,สุพรรณบุรี,4,4,อู่ทอง,49,2,ดอนมะเกลือ,,
659,สุพรรณบุรี,4,4,อู่ทอง,49,2,สระพังลาน,,
660,สุพรรณบุรี,4,4,อู่ทอง,49,3,,เจดีย์,
661,สุพรรณบุรี,4,4,อู่ทอง,49,3,,กระจัน,
662,สุพรรณบุรี,4,4,อู่ทอง,49,3,,จรเข้สามพัน,
663,สุพรรณบุรี,4,4,อู่ทอง,49,3,,ยุ้งทะลาย,
664,สุพรรณบุรี,4,4,อู่ทอง,49,3,,บ้านดอน,
665,สุพรรณบุรี,4,4,อู่ทอง,49,3,,สระยายโสม,
666,สุพรรณบุรี,4,4,อู่ทอง,49,3,,ดอนมะเกลือ,
667,สุพรรณบุรี,4,4,อู่ทอง,49,3,,สระพังลาน,
668,สุพรรณบุรี,4,4,ดอนเจดีย์,49,3,ไร่รถ,,
669,สุพรรณบุรี,4,4,ดอนเจดีย์,49,3,ดอนเจดีย์,,
670,สุพรรณบุรี,4,4,ดอนเจดีย์,49,3,หนองสาหร่าย,,
671,สุพรรณบุรี,4,4,สามชุก,49,3,,,
672,สุพรรณบุรี,4,4,ศรีประจันต์,49,3,,,
673,สุพรรณบุรี,4,4,ด่านช้าง,49,4,,,
674,สุพรรณบุรี,4,4,เดิมบางนางบวช,49,4,,,
675,สุพรรณบุรี,4,4,หนองหญ้าไซ,49,4,,,
676,สุพรรณบุรี,4,4,ดอนเจดีย์,49,4,,ไร่รถ,
677,สุพรรณบุรี,4,4,ดอนเจดีย์,49,4,,ดอนเจดีย์,
678,สุพรรณบุรี,4,4,ดอนเจดีย์,49,4,,หนองสาหร่าย,
679,กาญจนบุรี,5,5,เมืองกาญจนบุรี,50,1,,,
680,กาญจนบุรี,5,5,ศรีสวัสดิ์,50,1,,,
681,กาญจนบุรี,5,5,ท่าม่วง,50,2,,,
682,กาญจนบุรี,5,5,ด่านมะขามเตี้ย,50,2,,,
683,กาญจนบุรี,5,5,ท่ามะกา,50,3,,,
684,กาญจนบุรี,5,5,พนมทวน,50,3,,,
685,กาญจนบุรี,5,5,เลาขวัญ,50,4,,,
686,กาญจนบุรี,5,5,ห้วยกระเจา,50,4,,,
687,กาญจนบุรี,5,5,หนองปรือ,50,4,,,
688,กาญจนบุรี,5,5,บ่อพลอย,50,4,,,
689,กาญจนบุรี,5,5,ทองผาภูมิ,50,5,,,
690,กาญจนบุรี,5,5,สังขละบุรี,50,5,,,
691,กาญจนบุรี,5,5,ไทรโยค,50,5,,,
692,กาฬสินธุ์,5,5,เมืองกาฬสินธุ์,51,1,,,
693,กาฬสินธุ์,5,5,ร่องคำ,51,1,,,
694,กาฬสินธุ์,5,5,กมลาไสย,51,1,โคกสมบูรณ์,,
695,กาฬสินธุ์,5,5,กมลาไสย,51,1,ดงลิง,,
696,กาฬสินธุ์,5,5,กมลาไสย,51,1,เจ้าท่า,,
697,กาฬสินธุ์,5,5,กมลาไสย,51,1,โพนงาม,,
698,กาฬสินธุ์,5,5,ยางตลาด,51,2,,,
699,กาฬสินธุ์,5,5,ฆ้องชัย,51,2,,,
700,กาฬสินธุ์,5,5,กมลาไสย,51,2,,โคกสมบูรณ์,
701,กาฬสินธุ์,5,5,กมลาไสย,51,2,,ดงลิง,
702,กาฬสินธุ์,5,5,กมลาไสย,51,2,,เจ้าท่า,
703,กาฬสินธุ์,5,5,กมลาไสย,51,2,,โพนงาม,
704,กาฬสินธุ์,5,5,หนองกุงศรี,51,3,,,
705,กาฬสินธุ์,5,5,ห้วยเม็ก,51,3,,,
706,กาฬสินธุ์,5,5,ท่าคันโท,51,3,,,
707,กาฬสินธุ์,5,5,สหัสขันธ์,51,3,,,
708,กาฬสินธุ์,5,5,สมเด็จ,51,4,,,
709,กาฬสินธุ์,5,5,คำม่วง,51,4,,,
710,กาฬสินธุ์,5,5,นามน,51,4,,,
711,กาฬสินธุ์,5,5,สามชัย,51,4,,,
712,กาฬสินธุ์,5,5,ดอนจาน,51,4,,,
713,กาฬสินธุ์,5,5,กุฉินารายณ์,51,5,,,
714,กาฬสินธุ์,5,5,เขาวง,51,5,,,
715,กาฬสินธุ์,5,5,นาคู,51,5,,,
716,กาฬสินธุ์,5,5,ห้วยผึ้ง,51,5,,,
717,นครปฐม,5,5,เมืองนครปฐม,52,1,พระปฐมเจดีย์,,
718,นครปฐม,5,5,เมืองนครปฐม,52,1,นครปฐม,,
719,นครปฐม,5,5,เมืองนครปฐม,52,1,ลำพยา,,
720,นครปฐม,5,5,เมืองนครปฐม,52,1,บ่อพลับ,,
721,นครปฐม,5,5,เมืองนครปฐม,52,1,หนองปากโลง,,
722,นครปฐม,5,5,เมืองนครปฐม,52,1,สนามจันทร์,,
723,นครปฐม,5,5,เมืองนครปฐม,52,1,ห้วยจรเข้,,
724,นครปฐม,5,5,เมืองนครปฐม,52,1,โพรงมะเดื่อ,,
725,นครปฐม,5,5,เมืองนครปฐม,52,1,หนองดินแดง,,
726,นครปฐม,5,5,เมืองนครปฐม,52,1,สวนป่าน,,
727,นครปฐม,5,5,เมืองนครปฐม,52,1,สระกะเทียม,,
728,นครปฐม,5,5,เมืองนครปฐม,52,1,วังตะกู,,
729,นครปฐม,5,5,เมืองนครปฐม,52,1,วังเย็น,,
730,นครปฐม,5,5,เมืองนครปฐม,52,1,พระประโทน,,
731,นครปฐม,5,5,เมืองนครปฐม,52,1,บางแขม,,
732,นครปฐม,5,5,เมืองนครปฐม,52,2,บ้านยาง,,
733,นครปฐม,5,5,เมืองนครปฐม,52,2,ทัพหลวง,,
734,นครปฐม,5,5,เมืองนครปฐม,52,2,หนองงูเหลือม,,
735,นครปฐม,5,5,เมืองนครปฐม,52,2,ตาก้อง,,
736,นครปฐม,5,5,เมืองนครปฐม,52,2,ทุ่งน้อย,,
737,นครปฐม,5,5,เมืองนครปฐม,52,2,มาบแค,,
738,นครปฐม,5,5,กำแพงแสน,52,2,,,
739,นครปฐม,5,5,บางเลน,52,3,,,
740,นครปฐม,5,5,ดอนตูม,52,3,,,
741,นครปฐม,5,5,พุทธมณฑล,52,3,,,
742,นครปฐม,5,5,เมืองนครปฐม,52,4,ดอนยายหอม,,
743,นครปฐม,5,5,เมืองนครปฐม,52,4,สามควายเผือก,,
744,นครปฐม,5,5,เมืองนครปฐม,52,4,ธรรมศาลา,,
745,นครปฐม,5,5,เมืองนครปฐม,52,4,ถนนขาด,,
746,นครปฐม,5,5,นครชัยศรี,52,4,,,
747,นครปฐม,5,5,สามพราน,52,4,ตลาดจินดา,,
748,นครปฐม,5,5,สามพราน,52,4,คลองจินดา,,
749,นครปฐม,5,5,สามพราน,52,4,บางช้าง,,
750,นครปฐม,5,5,สามพราน,52,5,,ตลาดจินดา,
751,นครปฐม,5,5,สามพราน,52,5,,คลองจินดา,
752,นครปฐม,5,5,สามพราน,52,5,,บางช้าง,
753,พิษณุโลก,5,5,เมืองพิษณุโลก,53,1,ในเมือง,,
754,พิษณุโลก,5,5,เมืองพิษณุโลก,53,1,อรัญญิก,,
755,พิษณุโลก,5,5,เมืองพิษณุโลก,53,1,วัดจันทร์,,
756,พิษณุโลก,5,5,เมืองพิษณุโลก,53,1,บ้านคลอง,,
757,พิษณุโลก,5,5,เมืองพิษณุโลก,53,1,พลายชุมพล,,
758,พิษณุโลก,5,5,เมืองพิษณุโลก,53,1,ท่าทอง,,
759,พิษณุโลก,5,5,เมืองพิษณุโลก,53,1,บึงพระ,,
760,พิษณุโลก,5,5,เมืองพิษณุโลก,53,1,วัดพริก,,
761,พิษณุโลก,5,5,เมืองพิษณุโลก,53,1,วังน้ำคู้,,
762,พิษณุโลก,5,5,พรหมพิราม,53,2,,,
763,พิษณุโลก,5,5,เมืองพิษณุโลก,53,2,ไผ่ขอดอน,,
764,พิษณุโลก,5,5,เมืองพิษณุโลก,53,2,จอมทอง,,
765,พิษณุโลก,5,5,เมืองพิษณุโลก,53,2,มะขามสูง,,
766,พิษณุโลก,5,5,เมืองพิษณุโลก,53,2,ปากโทก,,
767,พิษณุโลก,5,5,เมืองพิษณุโลก,53,2,บ้านกร่าง,,
768,พิษณุโลก,5,5,เมืองพิษณุโลก,53,2,หัวรอ,,
769,พิษณุโลก,5,5,เมืองพิษณุโลก,53,2,สมอแข,,
770,พิษณุโลก,5,5,เมืองพิษณุโลก,53,2,ดอนทอง,,
771,พิษณุโลก,5,5,เมืองพิษณุโลก,53,2,บ้านป่า,,
772,พิษณุโลก,5,5,วังทอง,53,3,,,
773,พิษณุโลก,5,5,เนินมะปราง,53,3,,,
774,พิษณุโลก,5,5,บางระกำ,53,4,,,
775,พิษณุโลก,5,5,บางกระทุ่ม,53,4,,,
776,พิษณุโลก,5,5,เมืองพิษณุโลก,53,4,งิ้วงาม,,
777,พิษณุโลก,5,5,เมืองพิษณุโลก,53,4,ท่าโพธิ์,,
778,พิษณุโลก,5,5,นครไทย,53,5,,,
779,พิษณุโลก,5,5,วัดโบสถ์,53,5,,,
780,พิษณุโลก,5,5,ชาติตระการ,53,5,,,
781,เพชรบูรณ์,5,5,เมืองเพชรบูรณ์,54,1,เทศบาลเมืองเพชรบูรณ์,,
782,เพชรบูรณ์,5,5,เขาค้อ,54,1,,,
783,เพชรบูรณ์,5,5,หล่มสัก,54,1,น้ำชุน,,
784,เพชรบูรณ์,5,5,หล่มสัก,54,1,บุ่งน้ำเต้า,,
785,เพชรบูรณ์,5,5,หล่มสัก,54,1,หนองไขว่,,
786,เพชรบูรณ์,5,5,หล่มสัก,54,1,น้ำก้อ,,
787,เพชรบูรณ์,5,5,หล่มสัก,54,1,บุ่งคล้า,,
788,เพชรบูรณ์,5,5,หล่มเก่า,54,2,,,
789,เพชรบูรณ์,5,5,น้ำหนาว,54,2,,,
790,เพชรบูรณ์,5,5,หล่มสัก,54,2,,น้ำชุน,
791,เพชรบูรณ์,5,5,หล่มสัก,54,2,,บุ่งน้ำเต้า,
792,เพชรบูรณ์,5,5,หล่มสัก,54,2,,หนองไขว่,
793,เพชรบูรณ์,5,5,หล่มสัก,54,2,,น้ำก้อ,
794,เพชรบูรณ์,5,5,หล่มสัก,54,2,,บุ่งคล้า,
795,เพชรบูรณ์,5,5,ชนแดน,54,3,,,
796,เพชรบูรณ์,5,5,วังโป่ง,54,3,,,
797,เพชรบูรณ์,5,5,เมืองเพชรบูรณ์,54,3,เทศบาลตำบลวังชมภู,,
798,เพชรบูรณ์,5,5,เมืองเพชรบูรณ์,54,3,วังชมภู,,
799,เพชรบูรณ์,5,5,เมืองเพชรบูรณ์,54,3,ห้วยสะแก,,
800,เพชรบูรณ์,5,5,เมืองเพชรบูรณ์,54,3,นายม,,
801,เพชรบูรณ์,5,5,เมืองเพชรบูรณ์,54,3,บ้านโตก,,
802,เพชรบูรณ์,5,5,เมืองเพชรบูรณ์,54,3,น้ำร้อน,,
803,เพชรบูรณ์,5,5,เมืองเพชรบูรณ์,54,3,ชอนไพร,,
804,เพชรบูรณ์,5,5,เมืองเพชรบูรณ์,54,3,ตะเบาะ,,
805,เพชรบูรณ์,5,5,เมืองเพชรบูรณ์,54,3,นาป่า,,
806,เพชรบูรณ์,5,5,บึงสามพัน,54,4,,,
807,เพชรบูรณ์,5,5,หนองไผ่,54,4,,,
808,เพชรบูรณ์,5,5,เมืองเพชรบูรณ์,54,4,ระวิง,,
809,เพชรบูรณ์,5,5,วิเชียรบุรี,54,4,สามแยก,,
810,เพชรบูรณ์,5,5,ศรีเทพ,54,5,,,
811,เพชรบูรณ์,5,5,วิเชียรบุรี,54,5,,สามแยก,
812,มหาสารคาม,5,5,เมืองมหาสารคาม,55,1,,,
813,มหาสารคาม,5,5,แกดำ,55,1,,,
814,มหาสารคาม,5,5,โกสุมพิสัย,55,1,แก้งแก,,
815,มหาสารคาม,5,5,วาปีปทุม,55,2,,,
816,มหาสารคาม,5,5,บรบือ,55,2,,วังไชย,
817,มหาสารคาม,5,5,บรบือ,55,2,,โนนแดง,
818,มหาสารคาม,5,5,บรบือ,55,2,,หนองคูขาด,
819,มหาสารคาม,5,5,บรบือ,55,2,,โนนราษี,
820,มหาสารคาม,5,5,พยัคฆภูมิพิสัย,55,3,,,
821,มหาสารคาม,5,5,ยางสีสุราช,55,3,,,
822,มหาสารคาม,5,5,นาดูน,55,3,,,
823,มหาสารคาม,5,5,นาเชือก,55,3,,สำโรง,
824,มหาสารคาม,5,5,นาเชือก,55,3,,หนองแดง,
825,มหาสารคาม,5,5,นาเชือก,55,3,,ปอพาน,
826,มหาสารคาม,5,5,นาเชือก,55,3,,หนองเม็ก,
827,มหาสารคาม,5,5,นาเชือก,55,3,,หนองเรือ,
828,มหาสารคาม,5,5,กุดรัง,55,4,,,
829,มหาสารคาม,5,5,นาเชือก,55,4,สำโรง,,
830,มหาสารคาม,5,5,นาเชือก,55,4,หนองแดง,,
831,มหาสารคาม,5,5,นาเชือก,55,4,ปอพาน,,
832,มหาสารคาม,5,5,นาเชือก,55,4,หนองเม็ก,,
833,มหาสารคาม,5,5,นาเชือก,55,4,หนองเรือ,,
834,มหาสารคาม,5,5,โกสุมพิสัย,55,4,หัวขวาง,,
835,มหาสารคาม,5,5,โกสุมพิสัย,55,4,ยางน้อย,,
836,มหาสารคาม,5,5,โกสุมพิสัย,55,4,วังยาว,,
837,มหาสารคาม,5,5,โกสุมพิสัย,55,4,เขวาไร่,,
838,มหาสารคาม,5,5,โกสุมพิสัย,55,4,แพง,,
839,มหาสารคาม,5,5,โกสุมพิสัย,55,4,หนองเหล็ก,,
840,มหาสารคาม,5,5,โกสุมพิสัย,55,4,เหล่า,,
841,มหาสารคาม,5,5,โกสุมพิสัย,55,4,หนองบอน,,
842,มหาสารคาม,5,5,โกสุมพิสัย,55,4,โพนงาม,,
843,มหาสารคาม,5,5,โกสุมพิสัย,55,4,ยางท่าแจ้ง,,
844,มหาสารคาม,5,5,โกสุมพิสัย,55,4,หนองกุงสวรรค์,,
845,มหาสารคาม,5,5,โกสุมพิสัย,55,4,ดอนกลาง,,
846,มหาสารคาม,5,5,บรบือ,55,4,วังไชย,,
847,มหาสารคาม,5,5,บรบือ,55,4,โนนแดง,,
848,มหาสารคาม,5,5,บรบือ,55,4,หนองคูขาด,,
849,มหาสารคาม,5,5,บรบือ,55,4,โนนราษี,,
850,มหาสารคาม,5,5,กันทรวิชัย,55,5,,,
851,มหาสารคาม,5,5,เชียงยืน,55,5,,,
852,มหาสารคาม,5,5,ชื่นชม,55,5,,,
853,มหาสารคาม,5,5,โกสุมพิสัย,55,5,หนองบัว,,
854,มหาสารคาม,5,5,โกสุมพิสัย,55,5,แห่ใต้,,
855,มหาสารคาม,5,5,โกสุมพิสัย,55,5,เลิงใต้,,
856,มหาสารคาม,5,5,โกสุมพิสัย,55,5,เขื่อน,,
857,ราชบุรี,5,5,เมืองราชบุรี,56,1,,น้ำพุ,
858,ราชบุรี,5,5,เมืองราชบุรี,56,1,,ห้วยไผ่,
859,ราชบุรี,5,5,เมืองราชบุรี,56,1,,ดอนแร่,
860,ราชบุรี,5,5,เมืองราชบุรี,56,1,,อ่างทอง,
861,ราชบุรี,5,5,เมืองราชบุรี,56,2,น้ำพุ,,
862,ราชบุรี,5,5,เมืองราชบุรี,56,2,ห้วยไผ่,,
863,ราชบุรี,5,5,เมืองราชบุรี,56,2,ดอนแร่,,
864,ราชบุรี,5,5,เมืองราชบุรี,56,2,อ่างทอง,,
865,ราชบุรี,5,5,ปากท่อ,56,2,,,
866,ราชบุรี,5,5,สวนผึ้ง,56,2,,,
867,ราชบุรี,5,5,วัดเพลง,56,2,,,
868,ราชบุรี,5,5,บ้านคา,56,2,,,
869,ราชบุรี,5,5,โพธาราม,56,3,,บ้านฆ้อง,
870,ราชบุรี,5,5,โพธาราม,56,3,,บ้านสิงห์,
871,ราชบุรี,5,5,โพธาราม,56,3,,ดอนทราย,
872,ราชบุรี,5,5,จอมบึง,56,3,,,
873,ราชบุรี,5,5,บ้านโป่ง,56,4,,,
874,ราชบุรี,5,5,ดำเนินสะดวก,56,5,,,
875,ราชบุรี,5,5,บางแพ,56,5,,,
876,ราชบุรี,5,5,โพธาราม,56,5,บ้านฆ้อง,,
877,ราชบุรี,5,5,โพธาราม,56,5,บ้านสิงห์,,
878,ราชบุรี,5,5,โพธาราม,56,5,ดอนทราย,,
879,ชัยภูมิ,6,6,เมืองชัยภูมิ,57,1,,,
880,ชัยภูมิ,6,6,จัตุรัส,57,2,,,
881,ชัยภูมิ,6,6,เนินสง่า,57,2,,,
882,ชัยภูมิ,6,6,บ้านเขว้า,57,2,,,
883,ชัยภูมิ,6,6,หนองบัวระเหว,57,2,,,
884,ชัยภูมิ,6,6,เทพสถิต,57,3,,,
885,ชัยภูมิ,6,6,บำเหน็จณรงค์,57,3,,,
886,ชัยภูมิ,6,6,ภักดีชุมพล,57,3,,,
887,ชัยภูมิ,6,6,ซับใหญ่,57,3,,,
888,ชัยภูมิ,6,6,เกษตรสมบูรณ์,57,4,,,
889,ชัยภูมิ,6,6,หนองบัวแดง,57,4,,,
890,ชัยภูมิ,6,6,ภูเขียว,57,5,,,
891,ชัยภูมิ,6,6,คอนสาร,57,5,,,
892,ชัยภูมิ,6,6,แก้งคร้อ,57,6,,,
893,ชัยภูมิ,6,6,คอนสวรรค์,57,6,,,
894,ชัยภูมิ,6,6,บ้านแท่น,57,6,,,
895,นครสวรรค์,6,6,เมืองนครสวรรค์,58,1,นครสวรรค์ตก,,เทศบาลนครนครสวรรค์
896,นครสวรรค์,6,6,เมืองนครสวรรค์,58,1,นครสวรรค์ออก,,เทศบาลนครนครสวรรค์
897,นครสวรรค์,6,6,เมืองนครสวรรค์,58,1,แควใหญ่,,เทศบาลนครนครสวรรค์
898,นครสวรรค์,6,6,เมืองนครสวรรค์,58,1,ปากน้ำโพ,,
899,นครสวรรค์,6,6,เมืองนครสวรรค์,58,1,วัดไทร,,
900,นครสวรรค์,6,6,เมืองนครสวรรค์,58,1,บางม่วง,,
901,นครสวรรค์,6,6,เมืองนครสวรรค์,58,1,บ้านมะเกลือ,,
902,นครสวรรค์,6,6,เมืองนครสวรรค์,58,1,บ้านแก่ง,,
903,นครสวรรค์,6,6,เมืองนครสวรรค์,58,1,หนองกรด,,
904,นครสวรรค์,6,6,เมืองนครสวรรค์,58,1,หนองกระโดน,,
905,นครสวรรค์,6,6,เมืองนครสวรรค์,58,1,บึงเสนาท,,
906,นครสวรรค์,6,6,เก้าเลี้ยว,58,1,มหาโพธิ,,
907,นครสวรรค์,6,6,ลาดยาว,58,1,หนองยาว,,
908,นครสวรรค์,6,6,เมืองนครสวรรค์,58,2,,นครสวรรค์ตก,เทศบาลนครนครสวรรค์
909,นครสวรรค์,6,6,เมืองนครสวรรค์,58,2,,นครสวรรค์ออก,เทศบาลนครนครสวรรค์
910,นครสวรรค์,6,6,เมืองนครสวรรค์,58,2,,แควใหญ่,เทศบาลนครนครสวรรค์
911,นครสวรรค์,6,6,เมืองนครสวรรค์,58,2,,ปากน้ำโพ,
912,นครสวรรค์,6,6,เมืองนครสวรรค์,58,2,,วัดไทร,
913,นครสวรรค์,6,6,เมืองนครสวรรค์,58,2,,บางม่วง,
914,นครสวรรค์,6,6,เมืองนครสวรรค์,58,2,,บ้านมะเกลือ,
915,นครสวรรค์,6,6,เมืองนครสวรรค์,58,2,,บ้านแก่ง,
916,นครสวรรค์,6,6,เมืองนครสวรรค์,58,2,,หนองกรด,
917,นครสวรรค์,6,6,เมืองนครสวรรค์,58,2,,หนองกระโดน,
918,นครสวรรค์,6,6,เมืองนครสวรรค์,58,2,,บึงเสนาท,
919,นครสวรรค์,6,6,พยุหะคีรี,58,2,,,
920,นครสวรรค์,6,6,โกรกพระ,58,2,,,
921,นครสวรรค์,6,6,ชุมแสง,58,2,ทับกฤชใต้,,
922,นครสวรรค์,6,6,บรรพตพิสัย,58,3,,,
923,นครสวรรค์,6,6,ชุมแสง,58,3,,ทับกฤชใต้,
924,นครสวรรค์,6,6,เก้าเลี้ยว,58,3,,มหาโพธิ,
925,นครสวรรค์,6,6,หนองบัว,58,4,,,
926,นครสวรรค์,6,6,ไพศาลี,58,4,,ตะคร้อ,
927,นครสวรรค์,6,6,ไพศาลี,58,4,,สำโรงชัย,
928,นครสวรรค์,6,6,ไพศาลี,58,4,,โพธิ์ประสาท,
929,นครสวรรค์,6,6,ท่าตะโก,58,4,,,
930,นครสวรรค์,6,6,ตาคลี,58,5,,,
931,นครสวรรค์,6,6,ตากฟ้า,58,5,,,
932,นครสวรรค์,6,6,ไพศาลี,58,5,ตะคร้อ,,
933,นครสวรรค์,6,6,ไพศาลี,58,5,สำโรงชัย,,
934,นครสวรรค์,6,6,ไพศาลี,58,5,โพธิ์ประสาท,,
935,นครสวรรค์,6,6,ลาดยาว,58,6,,หนองยาว,
936,นครสวรรค์,6,6,แม่วงก์,58,6,,,
937,นครสวรรค์,6,6,แม่เปิน,58,6,,,
938,นครสวรรค์,6,6,ชุมตาบง,58,6,,,
939,นนทบุรี,6,6,เมืองนนทบุรี,59,1,ท่าทราย,,
940,นนทบุรี,6,6,เมืองนนทบุรี,59,1,บางกระสอ,,
941,นนทบุรี,6,6,เมืองนนทบุรี,59,1,บางเขน,,
942,นนทบุรี,6,6,ปากเกร็ด,59,1,บางพลับ,,
943,นนทบุรี,6,6,ปากเกร็ด,59,1,อ้อมเกร็ด,,
944,นนทบุรี,6,6,ปากเกร็ด,59,1,เกาะเกร็ด,,
945,นนทบุรี,6,6,ปากเกร็ด,59,1,ท่าอิฐ,,
946,นนทบุรี,6,6,เมืองนนทบุรี,59,2,,ท่าทราย,
947,นนทบุรี,6,6,เมืองนนทบุรี,59,2,,บางกระสอ,
948,นนทบุรี,6,6,เมืองนนทบุรี,59,2,,บางเขน,
949,นนทบุรี,6,6,บางกรวย,59,3,,,
950,นนทบุรี,6,6,บางใหญ่,59,3,บ้านใหม่,,
951,นนทบุรี,6,6,บางใหญ่,59,3,บางแม่นาง,,
952,นนทบุรี,6,6,บางใหญ่,59,3,บางใหญ่,,
953,นนทบุรี,6,6,ปากเกร็ด,59,4,,บางพลับ,
954,นนทบุรี,6,6,ปากเกร็ด,59,4,,อ้อมเกร็ด,
955,นนทบุรี,6,6,ปากเกร็ด,59,4,,เกาะเกร็ด,
956,นนทบุรี,6,6,ปากเกร็ด,59,4,,ท่าอิฐ,
957,นนทบุรี,6,6,บางบัวทอง,59,5,พิมลราช,,
958,นนทบุรี,6,6,บางบัวทอง,59,5,โสนลอย,,
959,นนทบุรี,6,6,บางบัวทอง,59,5,บางรักพัฒนา,,
960,นนทบุรี,6,6,บางบัวทอง,59,5,บางรักใหญ่,,
961,นนทบุรี,6,6,บางใหญ่,59,5,,บ้านใหม่,
962,นนทบุรี,6,6,บางใหญ่,59,5,,บางแม่นาง,
963,นนทบุรี,6,6,บางใหญ่,59,5,,บางใหญ่,
964,นนทบุรี,6,6,ไทรน้อย,59,6,,,
965,นนทบุรี,6,6,บางบัวทอง,59,6,,พิมลราช,
966,นนทบุรี,6,6,บางบัวทอง,59,6,,โสนลอย,
967,นนทบุรี,6,6,บางบัวทอง,59,6,,บางรักพัฒนา,
968,นนทบุรี,6,6,บางบัวทอง,59,6,,บางรักใหญ่,
969,ปทุมธานี,6,6,เมืองปทุมธานี,60,1,บางปรอก,,
970,ปทุมธานี,6,6,เมืองปทุมธานี,60,1,บ้านฉาง,,
971,ปทุมธานี,6,6,เมืองปทุมธานี,60,1,บางขะแยง,,
972,ปทุมธานี,6,6,เมืองปทุมธานี,60,1,บางคูวัด,,
973,ปทุมธานี,6,6,เมืองปทุมธานี,60,1,บางหลวง,,
974,ปทุมธานี,6,6,เมืองปทุมธานี,60,1,บางเดื่อ,,
975,ปทุมธานี,6,6,เมืองปทุมธานี,60,1,บ้านใหม่,,
976,ปทุมธานี,6,6,เมืองปทุมธานี,60,1,บางกะดี,,
977,ปทุมธานี,6,6,ลาดหลุมแก้ว,60,1,,,
978,ปทุมธานี,6,6,เมืองปทุมธานี,60,2,,บางปรอก,
979,ปทุมธานี,6,6,เมืองปทุมธานี,60,2,,บ้านฉาง,
980,ปทุมธานี,6,6,เมืองปทุมธานี,60,2,,บางขะแยง,
981,ปทุมธานี,6,6,เมืองปทุมธานี,60,2,,บางคูวัด,
982,ปทุมธานี,6,6,เมืองปทุมธานี,60,2,,บางหลวง,
983,ปทุมธานี,6,6,เมืองปทุมธานี,60,2,,บางเดื่อ,
984,ปทุมธานี,6,6,เมืองปทุมธานี,60,2,,บ้านใหม่,
985,ปทุมธานี,6,6,เมืองปทุมธานี,60,2,,บางกะดี,
986,ปทุมธานี,6,6,สามโคก,60,2,,,
987,ปทุมธานี,6,6,คลองหลวง,60,2,เทศบาลเมืองคลองหลวง,,
988,ปทุมธานี,6,6,คลองหลวง,60,3,เทศบาลเมืองท่าโขลง,,
989,ปทุมธานี,6,6,คลองหลวง,60,3,คลองสาม,,
990,ปทุมธานี,6,6,คลองหลวง,60,3,คลองสี่,,
991,ปทุมธานี,6,6,ธัญบุรี,60,4,ประชาธิปัตย์,,
992,ปทุมธานี,6,6,ลำลูกกา,60,4,คูคต,,
993,ปทุมธานี,6,6,ธัญบุรี,60,5,บึงยี่โถ,,
994,ปทุมธานี,6,6,ลำลูกกา,60,5,,คูคต,
995,ปทุมธานี,6,6,คลองหลวง,60,6,คลองห้า,,
996,ปทุมธานี,6,6,คลองหลวง,60,6,คลองหก,,
997,ปทุมธานี,6,6,คลองหลวง,60,6,คลองเจ็ด,,
998,ปทุมธานี,6,6,หนองเสือ,60,6,,,
999,ปทุมธานี,6,6,ธัญบุรี,60,6,รังสิต,,
1000,ปทุมธานี,6,6,ธัญบุรี,60,6,ลำผักกูด,,
1001,ปทุมธานี,6,6,ธัญบุรี,60,6,บึงสนั่น,,
1002,ปทุมธานี,6,6,ธัญบุรี,60,6,บึงน้ำรักษ์,,
1003,สกลนคร,6,6,เมืองสกลนคร,61,1,,,
1004,สกลนคร,6,6,กุสุมาลย์,61,2,,,
1005,สกลนคร,6,6,โพนนาแก้ว,61,2,,,
1006,สกลนคร,6,6,โคกศรีสุพรรณ,61,2,,,
1007,สกลนคร,6,6,เต่างอย,61,2,,,
1008,สกลนคร,6,6,ภูพาน,61,2,,,
1009,สกลนคร,6,6,พังโคน,61,3,,,
1010,สกลนคร,6,6,วาริชภูมิ,61,3,,,
1011,สกลนคร,6,6,ส่องดาว,61,3,,,
1012,สกลนคร,6,6,นิคมน้ำอูน,61,3,,,
1013,สกลนคร,6,6,กุดบาก,61,3,,,
1014,สกลนคร,6,6,สว่างแดนดิน,61,4,,,
1015,สกลนคร,6,6,เจริญศิลป์,61,4,,,
1016,สกลนคร,6,6,วานรนิวาส,61,5,,,
1017,สกลนคร,6,6,บ้านม่วง,61,5,,,
1018,สกลนคร,6,6,พรรณานิคม,61,6,,,
1019,สกลนคร,6,6,อากาศอำนวย,61,6,,,
1020,สกลนคร,6,6,คำตากล้า,61,6,,,
1021,สุราษฎร์ธานี,6,6,เมืองสุราษฎร์ธานี,62,1,,,
1022,สุราษฎร์ธานี,6,6,กาญจนดิษฐ์,62,2,,ทุ่งรัง,
1023,สุราษฎร์ธานี,6,6,กาญจนดิษฐ์,62,2,,ช้างซ้าย,
1024,สุราษฎร์ธานี,6,6,กาญจนดิษฐ์,62,2,,ช้างขวา,
1025,สุราษฎร์ธานี,6,6,กาญจนดิษฐ์,62,2,,ป่าร่อน,
1026,สุราษฎร์ธานี,6,6,กาญจนดิษฐ์,62,2,,คลองสระ,
1027,สุราษฎร์ธานี,6,6,ดอนสัก,62,2,,,
1028,สุราษฎร์ธานี,6,6,เกาะสมุย,62,2,,,
1029,สุราษฎร์ธานี,6,6,เกาะพะงัน,62,2,,,
1030,สุราษฎร์ธานี,6,6,กาญจนดิษฐ์,62,3,ทุ่งรัง,,
1031,สุราษฎร์ธานี,6,6,กาญจนดิษฐ์,62,3,ช้างซ้าย,,
1032,สุราษฎร์ธานี,6,6,กาญจนดิษฐ์,62,3,ช้างขวา,,
1033,สุราษฎร์ธานี,6,6,กาญจนดิษฐ์,62,3,ป่าร่อน,,
1034,สุราษฎร์ธานี,6,6,กาญจนดิษฐ์,62,3,คลองสระ,,
1035,สุราษฎร์ธานี,6,6,บ้านนาสาร,62,3,,,
1036,สุราษฎร์ธานี,6,6,เวียงสระ,62,3,,,
1037,สุราษฎร์ธานี,6,6,พุนพิน,62,4,,,
1038,สุราษฎร์ธานี,6,6,บ้านนาเดิม,62,4,,,
1039,สุราษฎร์ธานี,6,6,คีรีรัฐนิคม,62,4,,ท่าขนอน,
1040,สุราษฎร์ธานี,6,6,คีรีรัฐนิคม,62,4,,น้ำหัก,
1041,สุราษฎร์ธานี,6,6,คีรีรัฐนิคม,62,4,,บ้านยาง,
1042,สุราษฎร์ธานี,6,6,เคียนซา,62,4,,บ้านเสด็จ,
1043,สุราษฎร์ธานี,6,6,พระแสง,62,5,,,
1044,สุราษฎร์ธานี,6,6,ชัยบุรี,62,5,,,
1045,สุราษฎร์ธานี,6,6,พนม,62,5,,,
1046,สุราษฎร์ธานี,6,6,บ้านตาขุน,62,5,,,
1047,สุราษฎร์ธานี,6,6,เคียนซา,62,5,บ้านเสด็จ,,
1048,สุราษฎร์ธานี,6,6,ไชยา,62,6,,,
1049,สุราษฎร์ธานี,6,6,ท่าชนะ,62,6,,,
1050,สุราษฎร์ธานี,6,6,ท่าฉาง,62,6,,,
1051,สุราษฎร์ธานี,6,6,วิภาวดี,62,6,,,
1052,สุราษฎร์ธานี,6,6,คีรีรัฐนิคม,62,6,ท่าขนอน,,
1053,สุราษฎร์ธานี,6,6,คีรีรัฐนิคม,62,6,น้ำหัก,,
1054,สุราษฎร์ธานี,6,6,คีรีรัฐนิคม,62,6,บ้านยาง,,
1055,เชียงราย,7,7,เมืองเชียงราย,63,1,,ท่าสาย,
1056,เชียงราย,7,7,เมืองเชียงราย,63,1,,สันทราย,
1057,เชียงราย,7,7,เมืองเชียงราย,63,1,,ป่าอ้อดอนชัย,
1058,เชียงราย,7,7,เมืองเชียงราย,63,1,,ห้วยสัก,
1059,เชียงราย,7,7,เมืองเชียงราย,63,1,,ดอยลาน,
1060,เชียงราย,7,7,แม่ลาว,63,2,,,
1061,เชียงราย,7,7,แม่สรวย,63,2,,,
1062,เชียงราย,7,7,เวียงป่าเป้า,63,2,,,
1063,เชียงราย,7,7,พาน,63,3,,,
1064,เชียงราย,7,7,เมืองเชียงราย,63,3,ท่าสาย,,
1065,เชียงราย,7,7,เมืองเชียงราย,63,3,สันทราย,,
1066,เชียงราย,7,7,เมืองเชียงราย,63,3,ป่าอ้อดอนชัย,,
1067,เชียงราย,7,7,เมืองเชียงราย,63,3,ห้วยสัก,,
1068,เชียงราย,7,7,เมืองเชียงราย,63,3,ดอยลาน,,
1069,เชียงราย,7,7,เทิง,63,4,,,
1070,เชียงราย,7,7,ป่าแดด,63,4,,,
1071,เชียงราย,7,7,เวียงชัย,63,4,,,
1072,เชียงราย,7,7,เวียงเชียงรุ้ง,63,4,,,
1073,เชียงราย,7,7,เชียงของ,63,5,,,
1074,เชียงราย,7,7,เวียงแก่น,63,5,,,
1075,เชียงราย,7,7,ขุนตาล,63,5,,,
1076,เชียงราย,7,7,พญาเม็งราย,63,5,,,
1077,เชียงราย,7,7,เชียงแสน,63,5,แม่เงิน,,
1078,เชียงราย,7,7,แม่สาย,63,6,,,
1079,เชียงราย,7,7,เชียงแสน,63,6,,แม่เงิน,
1080,เชียงราย,7,7,ดอยหลวง,63,6,,,
1081,เชียงราย,7,7,แม่จัน,63,7,,,
1082,เชียงราย,7,7,แม่ฟ้าหลวง,63,7,,,
1083,ร้อยเอ็ด,7,7,เมืองร้อยเอ็ด,64,1,,,
1084,ร้อยเอ็ด,7,7,ศรีสมเด็จ,64,1,,,
1085,ร้อยเอ็ด,7,7,โพธิ์ชัย,64,2,,,
1086,ร้อยเอ็ด,7,7,จังหาร,64,2,,,
1087,ร้อยเอ็ด,7,7,เชียงขวัญ,64,2,,,
1088,ร้อยเอ็ด,7,7,ธวัชบุรี,64,2,ธวัชบุรี,,
1089,ร้อยเอ็ด,7,7,ธวัชบุรี,64,2,นิเวศน์,,
1090,ร้อยเอ็ด,7,7,ธวัชบุรี,64,2,หนองพอก,,
1091,ร้อยเอ็ด,7,7,ธวัชบุรี,64,2,มะอึ,,
1092,ร้อยเอ็ด,7,7,ธวัชบุรี,64,2,อุ่มเม้า,,
1093,ร้อยเอ็ด,7,7,ธวัชบุรี,64,2,หนองไผ่,,
1094,ร้อยเอ็ด,7,7,ธวัชบุรี,64,2,ไพศาล,,
1095,ร้อยเอ็ด,7,7,ธวัชบุรี,64,2,ธงธานี,,
1096,ร้อยเอ็ด,7,7,ธวัชบุรี,64,2,บึงนคร,,
1097,ร้อยเอ็ด,7,7,โพนทอง,64,3,,,
1098,ร้อยเอ็ด,7,7,เมยวดี,64,3,,,
1099,ร้อยเอ็ด,7,7,หนองพอก,64,3,หนองพอก,,
1100,ร้อยเอ็ด,7,7,หนองพอก,64,3,ภูเขาทอง,,
1101,ร้อยเอ็ด,7,7,หนองพอก,64,3,บึงงาม,,
1102,ร้อยเอ็ด,7,7,หนองพอก,64,3,ผาน้ำย้อย,,
1103,ร้อยเอ็ด,7,7,หนองพอก,64,3,โคกสว่าง,,
1104,ร้อยเอ็ด,7,7,หนองพอก,64,3,กกโพธิ์,,
1105,ร้อยเอ็ด,7,7,หนองพอก,64,3,รอบเมือง,,
1106,ร้อยเอ็ด,7,7,เสลภูมิ,64,4,,,
1107,ร้อยเอ็ด,7,7,ทุ่งเขาหลวง,64,4,,,
1108,ร้อยเอ็ด,7,7,ธวัชบุรี,64,4,,ธวัชบุรี,
1109,ร้อยเอ็ด,7,7,ธวัชบุรี,64,4,,นิเวศน์,
1110,ร้อยเอ็ด,7,7,ธวัชบุรี,64,4,,หนองพอก,
1111,ร้อยเอ็ด,7,7,ธวัชบุรี,64,4,,มะอึ,
1112,ร้อยเอ็ด,7,7,ธวัชบุรี,64,4,,อุ่มเม้า,
1113,ร้อยเอ็ด,7,7,ธวัชบุรี,64,4,,หนองไผ่,
1114,ร้อยเอ็ด,7,7,ธวัชบุรี,64,4,,ไพศาล,
1115,ร้อยเอ็ด,7,7,ธวัชบุรี,64,4,,ธงธานี,
1116,ร้อยเอ็ด,7,7,ธวัชบุรี,64,4,,บึงนคร,
1117,ร้อยเอ็ด,7,7,หนองพอก,64,4,,หนองพอก,
1118,ร้อยเอ็ด,7,7,หนองพอก,64,4,,ภูเขาทอง,
1119,ร้อยเอ็ด,7,7,หนองพอก,64,4,,บึงงาม,
1120,ร้อยเอ็ด,7,7,หนองพอก,64,4,,ผาน้ำย้อย,
1121,ร้อยเอ็ด,7,7,หนองพอก,64,4,,โคกสว่าง,
1122,ร้อยเอ็ด,7,7,หนองพอก,64,4,,กกโพธิ์,
1123,ร้อยเอ็ด,7,7,หนองพอก,64,4,,รอบเมือง,
1124,ร้อยเอ็ด,7,7,อาจสามารถ,64,4,บ้านแจ้ง,,
1125,ร้อยเอ็ด,7,7,อาจสามารถ,64,4,โพนเมือง,,
1126,ร้อยเอ็ด,7,7,พนมไพร,64,5,,,
1127,ร้อยเอ็ด,7,7,หนองฮี,64,5,,,
1128,ร้อยเอ็ด,7,7,โพนทราย,64,5,,,
1129,ร้อยเอ็ด,7,7,อาจสามารถ,64,5,,บ้านแจ้ง,
1130,ร้อยเอ็ด,7,7,อาจสามารถ,64,5,,โพนเมือง,
1131,ร้อยเอ็ด,7,7,สุวรรณภูมิ,64,6,,,
1132,ร้อยเอ็ด,7,7,เมืองสรวง,64,6,,,
1133,ร้อยเอ็ด,7,7,จตุรพักตรพิมาน,64,6,หัวช้าง,,
1134,ร้อยเอ็ด,7,7,จตุรพักตรพิมาน,64,6,ดงแดง,,
1135,ร้อยเอ็ด,7,7,จตุรพักตรพิมาน,64,6,ดงกลาง,,
1136,ร้อยเอ็ด,7,7,จตุรพักตรพิมาน,64,6,ป่าสังข์,,
1137,ร้อยเอ็ด,7,7,จตุรพักตรพิมาน,64,6,น้ำใส,,
1138,ร้อยเอ็ด,7,7,จตุรพักตรพิมาน,64,6,ศรีโคตร,,
1139,ร้อยเอ็ด,7,7,เกษตรวิสัย,64,7,,,
1140,ร้อยเอ็ด,7,7,ปทุมรัตต์,64,7,,,
1141,ร้อยเอ็ด,7,7,จตุรพักตรพิมาน,64,7,,หัวช้าง,
1142,ร้อยเอ็ด,7,7,จตุรพักตรพิมาน,64,7,,ดงแดง,
1143,ร้อยเอ็ด,7,7,จตุรพักตรพิมาน,64,7,,ดงกลาง,
1144,ร้อยเอ็ด,7,7,จตุรพักตรพิมาน,64,7,,ป่าสังข์,
1145,ร้อยเอ็ด,7,7,จตุรพักตรพิมาน,64,7,,น้ำใส,
1146,ร้อยเอ็ด,7,7,จตุรพักตรพิมาน,64,7,,ศรีโคตร,
1147,สมุทรปราการ,7,7,เมืองสมุทรปราการ,65,1,บางโปรง,,
1148,สมุทรปราการ,7,7,เมืองสมุทรปราการ,65,1,บางด้วน,,
1149,สมุทรปราการ,7,7,เมืองสมุทรปราการ,65,1,บางเมือง,,
1150,สมุทรปราการ,7,7,เมืองสมุทรปราการ,65,1,ท้ายบ้าน,,
1151,สมุทรปราการ,7,7,เมืองสมุทรปราการ,65,1,ปากน้ำ,,
1152,สมุทรปราการ,7,7,เมืองสมุทรปราการ,65,2,บางปู,,
1153,สมุทรปราการ,7,7,เมืองสมุทรปราการ,65,2,บางปูใหม่,,
1154,สมุทรปราการ,7,7,เมืองสมุทรปราการ,65,2,แพรกษา,,
1155,สมุทรปราการ,7,7,เมืองสมุทรปราการ,65,2,แพรกษาใหม่,,
1156,สมุทรปราการ,7,7,เมืองสมุทรปราการ,65,2,ท้ายบ้านใหม่,,
1157,สมุทรปราการ,7,7,เมืองสมุทรปราการ,65,3,เทพารักษ์,,
1158,สมุทรปราการ,7,7,เมืองสมุทรปราการ,65,3,สำโรงเหนือ,,
1159,สมุทรปราการ,7,7,เมืองสมุทรปราการ,65,3,บางเมืองใหม่,,
1160,สมุทรปราการ,7,7,บางพลี,65,4,,หนองปรือ,
1161,สมุทรปราการ,7,7,บางพลี,65,4,,ราชาเทวะ,
1162,สมุทรปราการ,7,7,บางบ่อ,65,5,,,
1163,สมุทรปราการ,7,7,บางเสาธง,65,5,,,
1164,สมุทรปราการ,7,7,บางพลี,65,5,หนองปรือ,,
1165,สมุทรปราการ,7,7,บางพลี,65,5,ราชาเทวะ,,
1166,สมุทรปราการ,7,7,พระประแดง,65,6,,บางจาก,
1167,สมุทรปราการ,7,7,พระสมุทรเจดีย์,65,7,,,
1168,สมุทรปราการ,7,7,พระประแดง,65,7,บางจาก,,
1169,สุรินทร์,7,7,เมืองสุรินทร์,66,1,เทนมีย์,,
1170,สุรินทร์,7,7,เมืองสุรินทร์,66,1,ตระแสง,,
1171,สุรินทร์,7,7,เมืองสุรินทร์,66,1,ตาอ็อง,,
1172,สุรินทร์,7,7,เมืองสุรินทร์,66,1,สวาย,,
1173,สุรินทร์,7,7,เมืองสุรินทร์,66,1,นาบัว,,
1174,สุรินทร์,7,7,เมืองสุรินทร์,66,1,เฉนียง,,
1175,สุรินทร์,7,7,เมืองสุรินทร์,66,1,คอโค,,
1176,สุรินทร์,7,7,เมืองสุรินทร์,66,1,นอกเมือง,,
1177,สุรินทร์,7,7,เมืองสุรินทร์,66,1,สำโรง,,
1178,สุรินทร์,7,7,ลำดวน,66,1,,ตรำดม,
1179,สุรินทร์,7,7,ปราสาท,66,1,บ้านไทร,,
1180,สุรินทร์,7,7,ปราสาท,66,1,ทมอ,,
1181,สุรินทร์,7,7,ปราสาท,66,1,ไพล,,
1182,สุรินทร์,7,7,ปราสาท,66,1,โคกยาง,,
1183,สุรินทร์,7,7,ปราสาท,66,1,เชื้อเพลิง,,
1184,สุรินทร์,7,7,ปราสาท,66,1,ทุ่งมน,,
1185,สุรินทร์,7,7,ปราสาท,66,1,สมุด,,
1186,สุรินทร์,7,7,ปราสาท,66,1,ประทัดบุ,,
1187,สุรินทร์,7,7,เขวาสินรินทร์,66,2,,,
1188,สุรินทร์,7,7,เมืองสุรินทร์,66,2,,เทนมีย์,
1189,สุรินทร์,7,7,เมืองสุรินทร์,66,2,,ตระแสง,
1190,สุรินทร์,7,7,เมืองสุรินทร์,66,2,,ตาอ็อง,
1191,สุรินทร์,7,7,เมืองสุรินทร์,66,2,,สวาย,
1192,สุรินทร์,7,7,เมืองสุรินทร์,66,2,,นาบัว,
1193,สุรินทร์,7,7,เมืองสุรินทร์,66,2,,เฉนียง,
1194,สุรินทร์,7,7,เมืองสุรินทร์,66,2,,คอโค,
1195,สุรินทร์,7,7,เมืองสุรินทร์,66,2,,นอกเมือง,
1196,สุรินทร์,7,7,เมืองสุรินทร์,66,2,,สำโรง,
1197,สุรินทร์,7,7,ศีขรภูมิ,66,2,ช่างปี่,,
1198,สุรินทร์,7,7,ศีขรภูมิ,66,2,จารพัต,,
1199,สุรินทร์,7,7,จอมพระ,66,3,,,
1200,สุรินทร์,7,7,สนม,66,3,สนม,,
1201,สุรินทร์,7,7,สนม,66,3,หนองระฆัง,,
1202,สุรินทร์,7,7,สนม,66,3,นานวน,,
1203,สุรินทร์,7,7,สนม,66,3,แคน,,
1204,สุรินทร์,7,7,สนม,66,3,หนองอียอ,,
1205,สุรินทร์,7,7,โนนนารายณ์,66,3,,,
1206,สุรินทร์,7,7,ท่าตูม,66,3,เมืองแก,,
1207,สุรินทร์,7,7,ท่าตูม,66,3,บะ,,
1208,สุรินทร์,7,7,ท่าตูม,66,3,หนองเมธี,,
1209,สุรินทร์,7,7,ท่าตูม,66,3,บัวโคก,,
1210,สุรินทร์,7,7,ท่าตูม,66,3,กระโพ,,
1211,สุรินทร์,7,7,รัตนบุรี,66,3,หนองบัวบาน,,
1212,สุรินทร์,7,7,รัตนบุรี,66,3,เบิด,,
1213,สุรินทร์,7,7,รัตนบุรี,66,3,ยางสว่าง,,
1214,สุรินทร์,7,7,ชุมพลบุรี,66,4,,,
1215,สุรินทร์,7,7,ท่าตูม,66,4,,เมืองแก,
1216,สุรินทร์,7,7,ท่าตูม,66,4,,บะ,
1217,สุรินทร์,7,7,ท่าตูม,66,4,,หนองเมธี,
1218,สุรินทร์,7,7,ท่าตูม,66,4,,บัวโคก,
1219,สุรินทร์,7,7,ท่าตูม,66,4,,กระโพ,
1220,สุรินทร์,7,7,รัตนบุรี,66,4,,หนองบัวบาน,
1221,สุรินทร์,7,7,รัตนบุรี,66,4,,เบิด,
1222,สุรินทร์,7,7,รัตนบุรี,66,4,,ยางสว่าง,
1223,สุรินทร์,7,7,สนม,66,4,โพนโก,,
1224,สุรินทร์,7,7,สำโรงทาบ,66,5,,,
1225,สุรินทร์,7,7,ศีขรภูมิ,66,5,,ช่างปี่,
1226,สุรินทร์,7,7,ศีขรภูมิ,66,5,,จารพัต,
1227,สุรินทร์,7,7,ศรีณรงค์,66,5,ตรวจ,,
1228,สุรินทร์,7,7,ศรีณรงค์,66,5,แจนแวน,,
1229,สุรินทร์,7,7,ลำดวน,66,5,ตรำดม,,
1230,สุรินทร์,7,7,สนม,66,5,หัวงัว,,
1231,สุรินทร์,7,7,บัวเชด,66,6,,,
1232,สุรินทร์,7,7,สังขะ,66,6,,,
1233,สุรินทร์,7,7,ศรีณรงค์,66,6,,ตรวจ,
1234,สุรินทร์,7,7,ศรีณรงค์,66,6,,แจนแวน,
1235,สุรินทร์,7,7,กาบเชิง,66,7,,,
1236,สุรินทร์,7,7,พนมดงรัก,66,7,,,
1237,สุรินทร์,7,7,ปราสาท,66,7,,บ้านไทร,
1238,สุรินทร์,7,7,ปราสาท,66,7,,ทมอ,
1239,สุรินทร์,7,7,ปราสาท,66,7,,ไพล,
1240,สุรินทร์,7,7,ปราสาท,66,7,,โคกยาง,
1241,สุรินทร์,7,7,ปราสาท,66,7,,เชื้อเพลิง,
1242,สุรินทร์,7,7,ปราสาท,66,7,,ทุ่งมน,
1243,สุรินทร์,7,7,ปราสาท,66,7,,สมุด,
1244,สุรินทร์,7,7,ปราสาท,66,7,,ประทัดบุ,
1245,ชลบุรี,8,8,เมืองชลบุรี,67,1,,บางปลาสร้อย,
1246,ชลบุรี,8,8,เมืองชลบุรี,67,1,,มะขามหย่ง,
1247,ชลบุรี,8,8,เมืองชลบุรี,67,1,,บ้านโขด,
1248,ชลบุรี,8,8,เมืองชลบุรี,67,1,,บางทราย,
1249,ชลบุรี,8,8,เมืองชลบุรี,67,1,,หนองไม้แดง,
1250,ชลบุรี,8,8,เมืองชลบุรี,67,1,,คลองตำหรุ,
1251,ชลบุรี,8,8,เมืองชลบุรี,67,1,,ดอนหัวฬ่อ,
1252,ชลบุรี,8,8,เมืองชลบุรี,67,1,,บ้านสวน,
1253,ชลบุรี,8,8,เมืองชลบุรี,67,2,บางปลาสร้อย,,
1254,ชลบุรี,8,8,เมืองชลบุรี,67,2,มะขามหย่ง,,
1255,ชลบุรี,8,8,เมืองชลบุรี,67,2,บ้านโขด,,
1256,ชลบุรี,8,8,เมืองชลบุรี,67,2,บางทราย,,
1257,ชลบุรี,8,8,เมืองชลบุรี,67,2,หนองไม้แดง,,
1258,ชลบุรี,8,8,เมืองชลบุรี,67,2,คลองตำหรุ,,
1259,ชลบุรี,8,8,เมืองชลบุรี,67,2,ดอนหัวฬ่อ,,
1260,ชลบุรี,8,8,เมืองชลบุรี,67,2,บ้านสวน,,
1261,ชลบุรี,8,8,พานทอง,67,2,,มาบโป่ง,
1262,ชลบุรี,8,8,พานทอง,67,2,,หนองหงษ์,
1263,ชลบุรี,8,8,พนัสนิคม,67,3,,,
1264,ชลบุรี,8,8,เกาะจันทร์,67,3,,,
1265,ชลบุรี,8,8,พานทอง,67,3,มาบโป่ง,,
1266,ชลบุรี,8,8,พานทอง,67,3,หนองหงษ์,,
1267,ชลบุรี,8,8,บ้านบึง,67,4,,,
1268,ชลบุรี,8,8,บ่อทอง,67,4,,,
1269,ชลบุรี,8,8,หนองใหญ่,67,4,,,
1270,ชลบุรี,8,8,ศรีราชา,67,5,,ทุ่งสุขลา,
1271,ชลบุรี,8,8,ศรีราชา,67,5,,บึง,
1272,ชลบุรี,8,8,เกาะสีชัง,67,5,,,
1273,ชลบุรี,8,8,ศรีราชา,67,6,ทุ่งสุขลา,,
1274,ชลบุรี,8,8,ศรีราชา,67,6,บึง,,
1275,ชลบุรี,8,8,บางละมุง,67,6,,หนองปรือ,
1276,ชลบุรี,8,8,บางละมุง,67,6,,โป่ง,
1277,ชลบุรี,8,8,บางละมุง,67,6,,ห้วยใหญ่,
1278,ชลบุรี,8,8,บางละมุง,67,6,,เขาไม้แก้ว,
1279,ชลบุรี,8,8,บางละมุง,67,7,หนองปรือ,,
1280,ชลบุรี,8,8,บางละมุง,67,7,โป่ง,,
1281,ชลบุรี,8,8,บางละมุง,67,7,ห้วยใหญ่,,
1282,ชลบุรี,8,8,บางละมุง,67,7,เขาไม้แก้ว,,
1283,ชลบุรี,8,8,สัตหีบ,67,8,,,
1284,นครศรีธรรมราช,8,8,เมืองนครศรีธรรมราช,68,1,ท่าไร่,,
1285,นครศรีธรรมราช,8,8,เมืองนครศรีธรรมราช,68,1,ปากนคร,,
1286,นครศรีธรรมราช,8,8,เมืองนครศรีธรรมราช,68,1,บางจาก,,
1287,นครศรีธรรมราช,8,8,เมืองนครศรีธรรมราช,68,1,ไชยมนตรี,,
1288,นครศรีธรรมราช,8,8,เมืองนครศรีธรรมราช,68,1,มะม่วงสองต้น,,
1289,นครศรีธรรมราช,8,8,เมืองนครศรีธรรมราช,68,1,โพธิ์เสด็จ,,
1290,นครศรีธรรมราช,8,8,เมืองนครศรีธรรมราช,68,1,ท่าเรือ,,
1291,นครศรีธรรมราช,8,8,เมืองนครศรีธรรมราช,68,1,ท่าซัก,,
1292,นครศรีธรรมราช,8,8,เมืองนครศรีธรรมราช,68,1,เทศบาลนครนครศรีธรรมราช,,
1293,นครศรีธรรมราช,8,8,ปากพนัง,68,2,,,
1294,นครศรีธรรมราช,8,8,เชียรใหญ่,68,2,,,
1295,นครศรีธรรมราช,8,8,หัวไทร,68,2,,,
1296,นครศรีธรรมราช,8,8,พระพรหม,68,3,,,
1297,นครศรีธรรมราช,8,8,เฉลิมพระเกียรติ,68,3,,,
1298,นครศรีธรรมราช,8,8,ชะอวด,68,3,,,
1299,นครศรีธรรมราช,8,8,จุฬาภรณ์,68,3,,,
1300,นครศรีธรรมราช,8,8,ทุ่งสง,68,4,,,
1301,นครศรีธรรมราช,8,8,บางขัน,68,4,,,
1302,นครศรีธรรมราช,8,8,ทุ่งใหญ่,68,5,,,
1303,นครศรีธรรมราช,8,8,ถ้ำพรรณรา,68,5,,,
1304,นครศรีธรรมราช,8,8,ฉวาง,68,5,,,
1305,นครศรีธรรมราช,8,8,พิปูน,68,5,,,
1306,นครศรีธรรมราช,8,8,ร่อนพิบูลย์,68,6,,,
1307,นครศรีธรรมราช,8,8,ลานสกา,68,6,,,
1308,นครศรีธรรมราช,8,8,ช้างกลาง,68,6,,,
1309,นครศรีธรรมราช,8,8,นาบอน,68,6,,,
1310,นครศรีธรรมราช,8,8,เมืองนครศรีธรรมราช,68,7,,ท่าไร่,
1311,นครศรีธรรมราช,8,8,เมืองนครศรีธรรมราช,68,7,,ปากนคร,
1312,นครศรีธรรมราช,8,8,เมืองนครศรีธรรมราช,68,7,,บางจาก,
1313,นครศรีธรรมราช,8,8,เมืองนครศรีธรรมราช,68,7,,ไชยมนตรี,
1314,นครศรีธรรมราช,8,8,เมืองนครศรีธรรมราช,68,7,,มะม่วงสองต้น,
1315,นครศรีธรรมราช,8,8,เมืองนครศรีธรรมราช,68,7,,โพธิ์เสด็จ,
1316,นครศรีธรรมราช,8,8,เมืองนครศรีธรรมราช,68,7,,ท่าเรือ,
1317,นครศรีธรรมราช,8,8,เมืองนครศรีธรรมราช,68,7,,ท่าซัก,
1318,นครศรีธรรมราช,8,8,เมืองนครศรีธรรมราช,68,7,,เทศบาลนครนครศรีธรรมราช,
1319,นครศรีธรรมราช,8,8,ท่าศาลา,68,7,,,
1320,นครศรีธรรมราช,8,8,สิชล,68,8,,,
1321,นครศรีธรรมราช,8,8,ขนอม,68,8,,,
1322,นครศรีธรรมราช,8,8,นบพิตำ,68,8,,,
1323,นครศรีธรรมราช,8,8,พรหมคีรี,68,8,,,
1324,บุรีรัมย์,8,8,เมืองบุรีรัมย์,69,1,,บัวทอง,
1325,บุรีรัมย์,8,8,เมืองบุรีรัมย์,69,1,,ถลุงเหล็ก,
1326,บุรีรัมย์,8,8,เมืองบุรีรัมย์,69,1,,กลันทา,
1327,บุรีรัมย์,8,8,สตึก,69,2,,,
1328,บุรีรัมย์,8,8,บ้านด่าน,69,2,,,
1329,บุรีรัมย์,8,8,แคนดง,69,2,,,
1330,บุรีรัมย์,8,8,เมืองบุรีรัมย์,69,2,บัวทอง,,
1331,บุรีรัมย์,8,8,เมืองบุรีรัมย์,69,2,ถลุงเหล็ก,,
1332,บุรีรัมย์,8,8,เมืองบุรีรัมย์,69,2,กลันทา,,
1333,บุรีรัมย์,8,8,คูเมือง,69,3,,,
1334,บุรีรัมย์,8,8,พุทไธสง,69,3,,,
1335,บุรีรัมย์,8,8,นาโพธิ์,69,3,,,
1336,บุรีรัมย์,8,8,บ้านใหม่ไชยพจน์,69,3,,,
1337,บุรีรัมย์,8,8,ลำปลายมาศ,69,3,โคกสะอาด,,
1338,บุรีรัมย์,8,8,ลำปลายมาศ,69,3,เมืองแฝก,,
1339,บุรีรัมย์,8,8,หนองหงส์,69,4,,,
1340,บุรีรัมย์,8,8,ชำนิ,69,4,,,
1341,บุรีรัมย์,8,8,ลำปลายมาศ,69,4,,โคกสะอาด,
1342,บุรีรัมย์,8,8,ลำปลายมาศ,69,4,,เมืองแฝก,
1343,บุรีรัมย์,8,8,กระสัง,69,5,,,
1344,บุรีรัมย์,8,8,พลับพลาชัย,69,5,,,
1345,บุรีรัมย์,8,8,ห้วยราช,69,5,,,
1346,บุรีรัมย์,8,8,ประโคนชัย,69,5,ไพศาล,,
1347,บุรีรัมย์,8,8,หนองกี่,69,6,,,
1348,บุรีรัมย์,8,8,โนนสุวรรณ,69,6,,,
1349,บุรีรัมย์,8,8,นางรอง,69,6,,ทรัพย์พระยา,
1350,บุรีรัมย์,8,8,นางรอง,69,6,,ชุมแสง,
1351,บุรีรัมย์,8,8,บ้านกรวด,69,7,,,
1352,บุรีรัมย์,8,8,ประโคนชัย,69,7,,ไพศาล,
1353,บุรีรัมย์,8,8,ละหานทราย,69,8,,,
1354,บุรีรัมย์,8,8,ปะคำ,69,8,,,
1355,บุรีรัมย์,8,8,โนนดินแดง,69,8,,,
1356,บุรีรัมย์,8,8,เฉลิมพระเกียรติ,69,8,,,
1357,บุรีรัมย์,8,8,นางรอง,69,8,ทรัพย์พระยา,,
1358,บุรีรัมย์,8,8,นางรอง,69,8,ชุมแสง,,
1359,ศรีสะเกษ,8,8,เมืองศรีสะเกษ,70,1,,,
1360,ศรีสะเกษ,8,8,วังหิน,70,1,,,
1361,ศรีสะเกษ,8,8,กันทรารมย์,70,2,,,
1362,ศรีสะเกษ,8,8,โนนคูณ,70,2,,,
1363,ศรีสะเกษ,8,8,น้ำเกลี้ยง,70,2,,,
1364,ศรีสะเกษ,8,8,กันทรลักษ์,70,3,ภูเงิน,,
1365,ศรีสะเกษ,8,8,เบญจลักษ์,70,3,,,
1366,ศรีสะเกษ,8,8,ศรีรัตนะ,70,3,,,
1367,ศรีสะเกษ,8,8,พยุห์,70,3,,,
1368,ศรีสะเกษ,8,8,ไพรบึง,70,3,,,
1369,ศรีสะเกษ,8,8,กันทรลักษ์,70,4,,ภูเงิน,
1370,ศรีสะเกษ,8,8,ขุนหาญ,70,5,,,
1371,ศรีสะเกษ,8,8,ภูสิงห์,70,5,,,
1372,ศรีสะเกษ,8,8,ขุขันธ์,70,5,ปรือใหญ่,,
1373,ศรีสะเกษ,8,8,ขุขันธ์,70,5,นิคมพัฒนา,,
1374,ศรีสะเกษ,8,8,ขุขันธ์,70,5,ศรีตระกูล,,
1375,ศรีสะเกษ,8,8,ขุขันธ์,70,5,ตาอุด,,
1376,ศรีสะเกษ,8,8,ขุขันธ์,70,6,,ปรือใหญ่,
1377,ศรีสะเกษ,8,8,ขุขันธ์,70,6,,นิคมพัฒนา,
1378,ศรีสะเกษ,8,8,ขุขันธ์,70,6,,ศรีตระกูล,
1379,ศรีสะเกษ,8,8,ขุขันธ์,70,6,,ตาอุด,
1380,ศรีสะเกษ,8,8,ปรางค์กู่,70,6,,สำโรงปราสาท,
1381,ศรีสะเกษ,8,8,ปรางค์กู่,70,6,,ตูม,
1382,ศรีสะเกษ,8,8,อุทุมพรพิสัย,70,7,,,
1383,ศรีสะเกษ,8,8,ห้วยทับทัน,70,7,,,
1384,ศรีสะเกษ,8,8,ปรางค์กู่,70,7,สำโรงปราสาท,,
1385,ศรีสะเกษ,8,8,ปรางค์กู่,70,7,ตูม,,
1386,ศรีสะเกษ,8,8,เมืองจันทร์,70,7,,,
1387,ศรีสะเกษ,8,8,ราษีไศล,70,8,,,
1388,ศรีสะเกษ,8,8,ยางชุมน้อย,70,8,,,
1389,ศรีสะเกษ,8,8,ศิลาลาด,70,8,,,
1390,ศรีสะเกษ,8,8,บึงบูรพ์,70,8,,,
1391,ศรีสะเกษ,8,8,โพธิ์ศรีสุวรรณ,70,8,,,
1392,สงขลา,8,8,เมืองสงขลา,71,1,,,
1393,สงขลา,8,8,หาดใหญ่,71,2,หาดใหญ่,,
1394,สงขลา,8,8,หาดใหญ่,71,2,คลองแห,,
1395,สงขลา,8,8,หาดใหญ่,71,2,คลองอู่ตะเภา,,
1396,สงขลา,8,8,หาดใหญ่,71,3,คูเต่า,,
1397,สงขลา,8,8,หาดใหญ่,71,3,ฉลุง,,
1398,สงขลา,8,8,หาดใหญ่,71,3,ทุ่งใหญ่,,
1399,สงขลา,8,8,หาดใหญ่,71,3,ท่าข้าม,,
1400,สงขลา,8,8,หาดใหญ่,71,3,น้ำน้อย,,
1401,สงขลา,8,8,หาดใหญ่,71,3,ควนลัง,,
1402,สงขลา,8,8,หาดใหญ่,71,3,ทุ่งตำเสา,,
1403,สงขลา,8,8,หาดใหญ่,71,3,คอหงส์,,
1404,สงขลา,8,8,นาหม่อม,71,3,,,
1405,สงขลา,8,8,ระโนด,71,4,,,
1406,สงขลา,8,8,กระแสสินธุ์,71,4,,,
1407,สงขลา,8,8,สทิงพระ,71,4,,,
1408,สงขลา,8,8,สิงหนคร,71,4,,ปากรอ,
1409,สงขลา,8,8,สิงหนคร,71,4,,ป่าขาด,
1410,สงขลา,8,8,สิงหนคร,71,4,,ทำนบ,
1411,สงขลา,8,8,สิงหนคร,71,4,,ชิงโค,
1412,สงขลา,8,8,สิงหนคร,71,4,,หัวเขา,
1413,สงขลา,8,8,สิงหนคร,71,4,,สทิงหม้อ,
1414,สงขลา,8,8,สิงหนคร,71,5,ปากรอ,,
1415,สงขลา,8,8,สิงหนคร,71,5,ป่าขาด,,
1416,สงขลา,8,8,สิงหนคร,71,5,ทำนบ,,
1417,สงขลา,8,8,สิงหนคร,71,5,ชิงโค,,
1418,สงขลา,8,8,สิงหนคร,71,5,หัวเขา,,
1419,สงขลา,8,8,สิงหนคร,71,5,สทิงหม้อ,,
1420,สงขลา,8,8,ควนเนียง,71,5,,,
1421,สงขลา,8,8,บางกล่ำ,71,5,,,
1422,สงขลา,8,8,รัตภูมิ,71,5,,,
1423,สงขลา,8,8,หาดใหญ่,71,6,พะตง,,
1424,สงขลา,8,8,หาดใหญ่,71,6,เทศบาลตำบลบ้านไร่,,
1425,สงขลา,8,8,หาดใหญ่,71,6,บ้านพรุ,,
1426,สงขลา,8,8,คลองหอยโข่ง,71,6,,,
1427,สงขลา,8,8,สะเดา,71,6,,สำนักแต้ว,
1428,สงขลา,8,8,สะเดา,71,6,,สำนักขาม,
1429,สงขลา,8,8,นาทวี,71,7,,,
1430,สงขลา,8,8,สะบ้าย้อย,71,7,,,
1431,สงขลา,8,8,สะเดา,71,7,สำนักแต้ว,,
1432,สงขลา,8,8,สะเดา,71,7,สำนักขาม,,
1433,สงขลา,8,8,จะนะ,71,8,,,
1434,สงขลา,8,8,เทพา,71,8,,,
1435,อุดรธานี,8,8,เมืองอุดรธานี,72,1,เทศบาลนครอุดรธานี,,
1436,อุดรธานี,8,8,เมืองอุดรธานี,72,1,เทศบาลเมืองหนองสำโรง,,
1437,อุดรธานี,8,8,เมืองอุดรธานี,72,1,เทศบาลตำบลหนองบัว,,
1438,อุดรธานี,8,8,เมืองอุดรธานี,72,1,นาดี,,
1439,อุดรธานี,8,8,เพ็ญ,72,2,,,
1440,อุดรธานี,8,8,เมืองอุดรธานี,72,2,บ้านขาว,,
1441,อุดรธานี,8,8,เมืองอุดรธานี,72,2,นาข่า,,
1442,อุดรธานี,8,8,เมืองอุดรธานี,72,2,นากว้าง,,
1443,อุดรธานี,8,8,เมืองอุดรธานี,72,2,กุดสระ,,
1444,อุดรธานี,8,8,เมืองอุดรธานี,72,2,หนองบัว,,
1445,อุดรธานี,8,8,เมืองอุดรธานี,72,2,สามพร้าว,,
1446,อุดรธานี,8,8,เมืองอุดรธานี,72,2,หมูม่น,,
1447,อุดรธานี,8,8,เมืองอุดรธานี,72,2,เทศบาลตำบลนาข่า,,
1448,อุดรธานี,8,8,พิบูลย์รักษ์,72,2,,นาทราย,
1449,อุดรธานี,8,8,บ้านดุง,72,3,,,
1450,อุดรธานี,8,8,ทุ่งฝน,72,3,,,
1451,อุดรธานี,8,8,สร้างคอม,72,3,,,
1452,อุดรธานี,8,8,พิบูลย์รักษ์,72,3,นาทราย,,
1453,อุดรธานี,8,8,หนองหาน,72,4,,,
1454,อุดรธานี,8,8,ประจักษ์ศิลปาคม,72,4,,,
1455,อุดรธานี,8,8,เมืองอุดรธานี,72,4,โนนสูง,,
1456,อุดรธานี,8,8,เมืองอุดรธานี,72,4,หนองนาคำ,,
1457,อุดรธานี,8,8,เมืองอุดรธานี,72,4,เทศบาลตำบลหนองไผ่,,
1458,อุดรธานี,8,8,เมืองอุดรธานี,72,4,เทศบาลตำบลหนองขอนกว้าง,,
1459,อุดรธานี,8,8,วังสามหมอ,72,5,,,
1460,อุดรธานี,8,8,ศรีธาตุ,72,5,,,
1461,อุดรธานี,8,8,ไชยวาน,72,5,,,
1462,อุดรธานี,8,8,กู่แก้ว,72,5,,,
1463,อุดรธานี,8,8,กุมภวาปี,72,5,สีออ,,
1464,อุดรธานี,8,8,กุมภวาปี,72,5,เทศบาลตำบลเวียงคำ,,
1465,อุดรธานี,8,8,กุมภวาปี,72,5,ท่าลี่,,
1466,อุดรธานี,8,8,หนองแสง,72,6,,,
1467,อุดรธานี,8,8,โนนสะอาด,72,6,,,
1468,อุดรธานี,8,8,กุมภวาปี,72,6,,สีออ,
1469,อุดรธานี,8,8,กุมภวาปี,72,6,,เทศบาลตำบลเวียงคำ,
1470,อุดรธานี,8,8,กุมภวาปี,72,6,,ท่าลี่,
1471,อุดรธานี,8,8,เมืองอุดรธานี,72,6,บ้านจั่น,,
1472,อุดรธานี,8,8,เมืองอุดรธานี,72,6,เทศบาลตำบลบ้านจั่น,,
1473,อุดรธานี,8,8,เมืองอุดรธานี,72,6,บ้านตาด,,
1474,อุดรธานี,8,8,กุดจับ,72,7,,,
1475,อุดรธานี,8,8,หนองวัวซอ,72,7,,,
1476,อุดรธานี,8,8,เมืองอุดรธานี,72,7,หนองไฮ,,
1477,อุดรธานี,8,8,เมืองอุดรธานี,72,7,โคกสะอาด,,
1478,อุดรธานี,8,8,เมืองอุดรธานี,72,7,นิคมสงเคราะห์,,
1479,อุดรธานี,8,8,เมืองอุดรธานี,72,7,เชียงพิณ,,
1480,อุดรธานี,8,8,เมืองอุดรธานี,72,7,เชียงยืน,,
1481,อุดรธานี,8,8,เมืองอุดรธานี,72,7,บ้านเลื่อม,,
1482,อุดรธานี,8,8,เมืองอุดรธานี,72,7,เทศบาลตำบลนิคมสงเคราะห์,,
1483,อุดรธานี,8,8,บ้านผือ,72,8,,,
1484,อุดรธานี,8,8,น้ำโสม,72,8,,,
1485,อุดรธานี,8,8,นายูง,72,8,,,
1486,เชียงใหม่,9,9,เมืองเชียงใหม่,73,1,,,
1487,เชียงใหม่,9,9,สารภี,73,2,,,
1488,เชียงใหม่,9,9,หางดง,73,2,,,
1489,เชียงใหม่,9,9,สันกำแพง,73,3,,,
1490,เชียงใหม่,9,9,ดอยสะเก็ด,73,3,,,
1491,เชียงใหม่,9,9,แม่ออน,73,3,,,
1492,เชียงใหม่,9,9,สันทราย,73,4,,,
1493,เชียงใหม่,9,9,พร้าว,73,4,,,
1494,เชียงใหม่,9,9,แม่แตง,73,4,แม่หอพระ,,
1495,เชียงใหม่,9,9,แม่ริม,73,5,,,
1496,เชียงใหม่,9,9,สะเมิง,73,5,,,
1497,เชียงใหม่,9,9,กัลยาณิวัฒนา,73,5,,,
1498,เชียงใหม่,9,9,แม่แตง,73,5,,แม่หอพระ,
1499,เชียงใหม่,9,9,ไชยปราการ,73,6,,,
1500,เชียงใหม่,9,9,เชียงดาว,73,6,,,
1501,เชียงใหม่,9,9,เวียงแหง,73,6,,,
1502,เชียงใหม่,9,9,ฝาง,73,7,,,
1503,เชียงใหม่,9,9,แม่อาย,73,7,,,
1504,เชียงใหม่,9,9,สันป่าตอง,73,8,,,
1505,เชียงใหม่,9,9,จอมทอง,73,8,,,
1506,เชียงใหม่,9,9,แม่วาง,73,8,,,
1507,เชียงใหม่,9,9,ดอยหล่อ,73,8,,,
1508,เชียงใหม่,9,9,ฮอด,73,9,,,
1509,เชียงใหม่,9,9,แม่แจ่ม,73,9,,,
1510,เชียงใหม่,9,9,อมก๋อย,73,9,,,
1511,เชียงใหม่,9,9,ดอยเต่า,73,9,,,
1512,ขอนแก่น,10,10,เมืองขอนแก่น,74,1,ในเมือง,,
1513,ขอนแก่น,10,10,เมืองขอนแก่น,74,1,เมืองเก่า,,
1514,ขอนแก่น,10,10,เมืองขอนแก่น,74,1,บ้านเป็ด,,
1515,ขอนแก่น,10,10,ซำสูง,74,2,,,
1516,ขอนแก่น,10,10,เมืองขอนแก่น,74,2,ศิลา,,
1517,ขอนแก่น,10,10,เมืองขอนแก่น,74,2,บ้านทุ่ม,,
1518,ขอนแก่น,10,10,เมืองขอนแก่น,74,2,พระลับ,,
1519,ขอนแก่น,10,10,เมืองขอนแก่น,74,2,หนองตูม,,
1520,ขอนแก่น,10,10,เมืองขอนแก่น,74,2,ท่าพระ,,
1521,ขอนแก่น,10,10,เมืองขอนแก่น,74,2,บึงเนียม,,
1522,ขอนแก่น,10,10,เมืองขอนแก่น,74,2,โคกสี,,
1523,ขอนแก่น,10,10,เมืองขอนแก่น,74,2,บ้านหว้า,,
1524,ขอนแก่น,10,10,เมืองขอนแก่น,74,2,ดอนช้าง,,
1525,ขอนแก่น,10,10,เมืองขอนแก่น,74,2,ดอนหัน,,
1526,ขอนแก่น,10,10,เมืองขอนแก่น,74,2,แดงใหญ่,,
1527,ขอนแก่น,10,10,กระนวน,74,3,,,
1528,ขอนแก่น,10,10,น้ำพอง,74,3,,,
1529,ขอนแก่น,10,10,เขาสวนกวาง,74,4,,,
1530,ขอนแก่น,10,10,อุบลรัตน์,74,4,,,
1531,ขอนแก่น,10,10,บ้านฝาง,74,4,,,
1532,ขอนแก่น,10,10,เมืองขอนแก่น,74,4,บ้านค้อ,,
1533,ขอนแก่น,10,10,เมืองขอนแก่น,74,4,สำราญ,,
1534,ขอนแก่น,10,10,เมืองขอนแก่น,74,4,โนนท่อน,,
1535,ขอนแก่น,10,10,เมืองขอนแก่น,74,4,สาวะถี,,
1536,ขอนแก่น,10,10,หนองนาคำ,74,5,,,
1537,ขอนแก่น,10,10,ภูเวียง,74,5,,,
1538,ขอนแก่น,10,10,เวียงเก่า,74,5,,,
1539,ขอนแก่น,10,10,สีชมพู,74,5,,นาจาน,
1540,ขอนแก่น,10,10,สีชมพู,74,5,,ซำยาง,
1541,ขอนแก่น,10,10,สีชมพู,74,5,,ภูห่าน,
1542,ขอนแก่น,10,10,สีชมพู,74,5,,หนองแดง,
1543,ขอนแก่น,10,10,ชุมแพ,74,6,,,
1544,ขอนแก่น,10,10,ภูผาม่าน,74,6,,,
1545,ขอนแก่น,10,10,สีชมพู,74,6,นาจาน,,
1546,ขอนแก่น,10,10,สีชมพู,74,6,ซำยาง,,
1547,ขอนแก่น,10,10,สีชมพู,74,6,ภูห่าน,,
1548,ขอนแก่น,10,10,สีชมพู,74,6,หนองแดง,,
1549,ขอนแก่น,10,10,หนองเรือ,74,7,,,
1550,ขอนแก่น,10,10,มัญจาคีรี,74,7,,,
1551,ขอนแก่น,10,10,พล,74,8,,,
1552,ขอนแก่น,10,10,แวงน้อย,74,8,,,
1553,ขอนแก่น,10,10,แวงใหญ่,74,8,,,
1554,ขอนแก่น,10,10,โคกโพธิ์ไชย,74,8,,,
1555,ขอนแก่น,10,10,หนองสองห้อง,74,9,,,
1556,ขอนแก่น,10,10,โนนศิลา,74,9,,,
1557,ขอนแก่น,10,10,ชนบท,74,9,,,
1558,ขอนแก่น,10,10,เปือยน้อย,74,9,,,
1559,ขอนแก่น,10,10,บ้านไผ่,74,10,,,
1560,ขอนแก่น,10,10,บ้านแฮด,74,10,,,
1561,ขอนแก่น,10,10,พระยืน,74,10,,,
1562,อุบลราชธานี,10,10,เมืองอุบลราชธานี,75,1,,กระโสบ,
1563,อุบลราชธานี,10,10,เมืองอุบลราชธานี,75,1,,กุดลาด,
1564,อุบลราชธานี,10,10,เขื่องใน,75,2,,,
1565,อุบลราชธานี,10,10,ม่วงสามสิบ,75,2,,,
1566,อุบลราชธานี,10,10,วารินชำราบ,75,3,,,
1567,อุบลราชธานี,10,10,นาเยีย,75,3,,,
1568,อุบลราชธานี,10,10,เดชอุดม,75,4,,ทุ่งเทิง,
1569,อุบลราชธานี,10,10,ตระการพืชผล,75,5,,,
1570,อุบลราชธานี,10,10,กุดข้าวปุ้น,75,5,,,
1571,อุบลราชธานี,10,10,เหล่าเสือโก้ก,75,5,,,
1572,อุบลราชธานี,10,10,เขมราฐ,75,6,,,
1573,อุบลราชธานี,10,10,โพธิ์ไทร,75,6,,,
1574,อุบลราชธานี,10,10,นาตาล,75,6,,,
1575,อุบลราชธานี,10,10,ศรีเมืองใหม่,75,6,นาเลิน,,
1576,อุบลราชธานี,10,10,ศรีเมืองใหม่,75,6,หนามแท่ง,,
1577,อุบลราชธานี,10,10,ศรีเมืองใหม่,75,7,,นาเลิน,
1578,อุบลราชธานี,10,10,ศรีเมืองใหม่,75,7,,หนามแท่ง,
1579,อุบลราชธานี,10,10,โขงเจียม,75,7,,,
1580,อุบลราชธานี,10,10,ตาลสุม,75,7,,,
1581,อุบลราชธานี,10,10,ดอนมดแดง,75,7,,,
1582,อุบลราชธานี,10,10,เมืองอุบลราชธานี,75,7,กระโสบ,,
1583,อุบลราชธานี,10,10,เมืองอุบลราชธานี,75,7,กุดลาด,,
1584,อุบลราชธานี,10,10,พิบูลมังสาหาร,75,8,,,
1585,อุบลราชธานี,10,10,สว่างวีระวงศ์,75,8,,,
1586,อุบลราชธานี,10,10,สิรินธร,75,8,ฝางคำ,,
1587,อุบลราชธานี,10,10,สิรินธร,75,8,คันไร่,,
1588,อุบลราชธานี,10,10,สิรินธร,75,8,นิคมสร้างตนเองลำโดมน้อย,,
1589,อุบลราชธานี,10,10,บุณฑริก,75,9,,,
1590,อุบลราชธานี,10,10,นาจะหลวย,75,9,,,
1591,อุบลราชธานี,10,10,สิรินธร,75,9,,ฝางคำ,
1592,อุบลราชธานี,10,10,สิรินธร,75,9,,คันไร่,
1593,อุบลราชธานี,10,10,สิรินธร,75,9,,นิคมสร้างตนเองลำโดมน้อย,
1594,อุบลราชธานี,10,10,น้ำยืน,75,10,,,
1595,อุบลราชธานี,10,10,น้ำขุ่น,75,10,,,
1596,อุบลราชธานี,10,10,ทุ่งศรีอุดม,75,10,,,
1597,อุบลราชธานี,10,10,สำโรง,75,10,,,
1598,อุบลราชธานี,10,10,เดชอุดม,75,10,ทุ่งเทิง,,
1599,นครราชสีมา,14,14,เมืองนครราชสีมา,76,1,ในเมือง,,
1600,นครราชสีมา,14,14,เมืองนครราชสีมา,76,1,หนองจะบก,,
1601,นครราชสีมา,14,14,เมืองนครราชสีมา,76,1,โพธิ์กลาง,,
1602,นครราชสีมา,14,14,เมืองนครราชสีมา,76,1,หนองไผ่ล้อม,,
1603,นครราชสีมา,14,14,เมืองนครราชสีมา,76,2,จอหอ,,
1604,นครราชสีมา,14,14,เมืองนครราชสีมา,76,2,บ้านใหม่,,
1605,นครราชสีมา,14,14,เมืองนครราชสีมา,76,2,หมื่นไวย,,
1606,นครราชสีมา,14,14,เมืองนครราชสีมา,76,2,โคกสูง,,
1607,นครราชสีมา,14,14,เมืองนครราชสีมา,76,2,พุดซา,,
1608,นครราชสีมา,14,14,เมืองนครราชสีมา,76,2,บ้านโพธิ์,,
1609,นครราชสีมา,14,14,เมืองนครราชสีมา,76,2,หนองกระทุ่ม,,
1610,นครราชสีมา,14,14,เมืองนครราชสีมา,76,2,ตลาด,,
1611,นครราชสีมา,14,14,เมืองนครราชสีมา,76,2,สีมุม,,
1612,นครราชสีมา,14,14,เมืองนครราชสีมา,76,2,หนองไข่น้ำ,,
1613,นครราชสีมา,14,14,เมืองนครราชสีมา,76,2,บ้านเกาะ,,
1614,นครราชสีมา,14,14,เมืองนครราชสีมา,76,2,มะเริง,,
1615,นครราชสีมา,14,14,เมืองนครราชสีมา,76,2,พลกรัง,,
1616,นครราชสีมา,14,14,เมืองนครราชสีมา,76,2,โคกกรวด,,
1617,นครราชสีมา,14,14,เมืองนครราชสีมา,76,2,สุรนารี,,
1618,นครราชสีมา,14,14,เมืองนครราชสีมา,76,2,ปรุใหญ่,,
1619,นครราชสีมา,14,14,สูงเนิน,76,3,,,
1620,นครราชสีมา,14,14,ขามทะเลสอ,76,3,,,
1621,นครราชสีมา,14,14,สีคิ้ว,76,3,สีคิ้ว,,
1622,นครราชสีมา,14,14,สีคิ้ว,76,3,ลาดบัวขาว,,
1623,นครราชสีมา,14,14,สีคิ้ว,76,3,หนองน้ำใส,,
1624,นครราชสีมา,14,14,สีคิ้ว,76,3,คลองไผ่,,
1625,นครราชสีมา,14,14,สีคิ้ว,76,3,มิตรภาพ,,
1626,นครราชสีมา,14,14,สีคิ้ว,76,3,หนองหญ้าขาว,,
1627,นครราชสีมา,14,14,โนนสูง,76,4,,,
1628,นครราชสีมา,14,14,โนนไทย,76,4,กำปัง,,
1629,นครราชสีมา,14,14,โนนไทย,76,4,ถนนโพธิ์,,
1630,นครราชสีมา,14,14,โนนไทย,76,4,สำโรง,,
1631,นครราชสีมา,14,14,โนนไทย,76,4,ด่านจาก,,
1632,นครราชสีมา,14,14,โนนไทย,76,4,มะค่า,,
1633,นครราชสีมา,14,14,พิมาย,76,4,สัมฤทธิ์,,
1634,นครราชสีมา,14,14,พิมาย,76,4,ท่าหลวง,,
1635,นครราชสีมา,14,14,พิมาย,76,4,กระเบื้องใหญ่,,
1636,นครราชสีมา,14,14,พิมาย,76,4,ชีวาน,,
1637,นครราชสีมา,14,14,บัวใหญ่,76,5,,,
1638,นครราชสีมา,14,14,แก้งสนามนาง,76,5,,,
1639,นครราชสีมา,14,14,บัวลาย,76,5,,,
1640,นครราชสีมา,14,14,สีดา,76,5,,,
1641,นครราชสีมา,14,14,บ้านเหลื่อม,76,5,,,
1642,นครราชสีมา,14,14,ประทาย,76,6,,,
1643,นครราชสีมา,14,14,โนนแดง,76,6,,,
1644,นครราชสีมา,14,14,เมืองยาง,76,6,,,
1645,นครราชสีมา,14,14,ลำทะเมนชัย,76,6,,,
1646,นครราชสีมา,14,14,คง,76,6,เทพาลัย,,
1647,นครราชสีมา,14,14,คง,76,6,ขามสมบูรณ์,,
1648,นครราชสีมา,14,14,คง,76,6,ตาจั่น,,
1649,นครราชสีมา,14,14,ชุมพวง,76,7,,,
1650,นครราชสีมา,14,14,พิมาย,76,7,,สัมฤทธิ์,
1651,นครราชสีมา,14,14,พิมาย,76,7,,ท่าหลวง,
1652,นครราชสีมา,14,14,พิมาย,76,7,,กระเบื้องใหญ่,
1653,นครราชสีมา,14,14,พิมาย,76,7,,ชีวาน,
1654,นครราชสีมา,14,14,ห้วยแถลง,76,8,,,
1655,นครราชสีมา,14,14,จักราช,76,8,,,
1656,นครราชสีมา,14,14,เฉลิมพระเกียรติ,76,8,,,
1657,นครราชสีมา,14,14,โชคชัย,76,9,,,
1658,นครราชสีมา,14,14,หนองบุญมาก,76,9,,,
1659,นครราชสีมา,14,14,เมืองนครราชสีมา,76,9,หัวทะเล,,
1660,นครราชสีมา,14,14,เมืองนครราชสีมา,76,9,หนองระเวียง,,
1661,นครราชสีมา,14,14,เมืองนครราชสีมา,76,9,พะเนา,,
1662,นครราชสีมา,14,14,ครบุรี,76,10,,,
1663,นครราชสีมา,14,14,เสิงสาง,76,10,,,
1664,นครราชสีมา,14,14,วังน้ำเขียว,76,10,วังน้ำเขียว,,
1665,นครราชสีมา,14,14,วังน้ำเขียว,76,10,ไทยสามัคคี,,
1666,นครราชสีมา,14,14,ปักธงชัย,76,11,,,
1667,นครราชสีมา,14,14,วังน้ำเขียว,76,11,,วังน้ำเขียว,
1668,นครราชสีมา,14,14,วังน้ำเขียว,76,11,,ไทยสามัคคี,
1669,นครราชสีมา,14,14,เมืองนครราชสีมา,76,11,หนองบัวศาลา,,
1670,นครราชสีมา,14,14,เมืองนครราชสีมา,76,11,ไชยมงคล,,
1671,นครราชสีมา,14,14,ปากช่อง,76,11,วังกะทะ,,
1672,นครราชสีมา,14,14,ปากช่อง,76,12,,วังกะทะ,
1673,นครราชสีมา,14,14,ด่านขุนทด,76,13,,,
1674,นครราชสีมา,14,14,เทพารักษ์,76,13,,,
1675,นครราชสีมา,14,14,สีคิ้ว,76,13,,สีคิ้ว,
1676,นครราชสีมา,14,14,สีคิ้ว,76,13,,ลาดบัวขาว,
1677,นครราชสีมา,14,14,สีคิ้ว,76,13,,หนองน้ำใส,
1678,นครราชสีมา,14,14,สีคิ้ว,76,13,,คลองไผ่,
1679,นครราชสีมา,14,14,สีคิ้ว,76,13,,มิตรภาพ,
1680,นครราชสีมา,14,14,สีคิ้ว,76,13,,หนองหญ้าขาว,
1681,นครราชสีมา,14,14,ขามสะแกแสง,76,14,,,
1682,นครราชสีมา,14,14,พระทองคำ,76,14,,,
1683,นครราชสีมา,14,14,คง,76,14,,เทพาลัย,
1684,นครราชสีมา,14,14,คง,76,14,,ขามสมบูรณ์,
1685,นครราชสีมา,14,14,คง,76,14,,ตาจั่น,
1686,นครราชสีมา,14,14,โนนไทย,76,14,,กำปัง,
1687,นครราชสีมา,14,14,โนนไทย,76,14,,ถนนโพธิ์,
1688,นครราชสีมา,14,14,โนนไทย,76,14,,สำโรง,
1689,นครราชสีมา,14,14,โนนไทย,76,14,,ด่านจาก,
1690,นครราชสีมา,14,14,โนนไทย,76,14,,มะค่า,
1691,กรุงเทพมหานคร,30,30,พระนคร,77,1,,,
1692,กรุงเทพมหานคร,30,30,ป้อมปราบศัตรูพ่าย,77,1,,,
1693,กรุงเทพมหานคร,30,30,สัมพันธวงศ์,77,1,,,
1694,กรุงเทพมหานคร,30,30,ดุสิต,77,1,,ถนนนครไชยศรี,
1695,กรุงเทพมหานคร,30,30,ปทุมวัน,77,2,,,
1696,กรุงเทพมหานคร,30,30,บางรัก,77,2,,,
1697,กรุงเทพมหานคร,30,30,สาทร,77,2,,,
1698,กรุงเทพมหานคร,30,30,บางคอแหลม,77,3,,,
1699,กรุงเทพมหานคร,30,30,ยานนาวา,77,3,,,
1700,กรุงเทพมหานคร,30,30,คลองเตย,77,4,,,
1701,กรุงเทพมหานคร,30,30,วัฒนา,77,4,,,
1702,กรุงเทพมหานคร,30,30,ดินแดง,77,5,,,
1703,กรุงเทพมหานคร,30,30,ห้วยขวาง,77,5,,,
1704,กรุงเทพมหานคร,30,30,พญาไท,77,6,,,
1705,กรุงเทพมหานคร,30,30,ราชเทวี,77,6,,,
1706,กรุงเทพมหานคร,30,30,จตุจักร,77,6,จตุจักร,,
1707,กรุงเทพมหานคร,30,30,จตุจักร,77,6,จอมพล,,
1708,กรุงเทพมหานคร,30,30,บางซื่อ,77,7,,,
1709,กรุงเทพมหานคร,30,30,ดุสิต,77,7,ถนนนครไชยศรี,,
1710,กรุงเทพมหานคร,30,30,ลาดพร้าว,77,8,,,
1711,กรุงเทพมหานคร,30,30,วังทองหลาง,77,8,,พลับพลา,
1712,กรุงเทพมหานคร,30,30,หลักสี่,77,9,,,
1713,กรุงเทพมหานคร,30,30,จตุจักร,77,9,,จตุจักร,
1714,กรุงเทพมหานคร,30,30,จตุจักร,77,9,,จอมพล,
1715,กรุงเทพมหานคร,30,30,ดอนเมือง,77,10,,,
1716,กรุงเทพมหานคร,30,30,สายไหม,77,11,,,
1717,กรุงเทพมหานคร,30,30,บางเขน,77,12,,,
1718,กรุงเทพมหานคร,30,30,บางกะปิ,77,13,,,
1719,กรุงเทพมหานคร,30,30,วังทองหลาง,77,13,พลับพลา,,
1720,กรุงเทพมหานคร,30,30,บึงกุ่ม,77,14,,,
1721,กรุงเทพมหานคร,30,30,คันนายาว,77,14,รามอินทรา,,
1722,กรุงเทพมหานคร,30,30,มีนบุรี,77,15,,,
1723,กรุงเทพมหานคร,30,30,คันนายาว,77,15,,รามอินทรา,
1724,กรุงเทพมหานคร,30,30,คลองสามวา,77,16,,,
1725,กรุงเทพมหานคร,30,30,หนองจอก,77,17,,,
1726,กรุงเทพมหานคร,30,30,ลาดกระบัง,77,18,,,
1727,กรุงเทพมหานคร,30,30,สะพานสูง,77,19,,,
1728,กรุงเทพมหานคร,30,30,ประเวศ,77,19,,หนองบอน,
1729,กรุงเทพมหานคร,30,30,ประเวศ,77,19,,ดอกไม้,
1730,กรุงเทพมหานคร,30,30,สวนหลวง,77,20,,,
1731,กรุงเทพมหานคร,30,30,ประเวศ,77,20,หนองบอน,,
1732,กรุงเทพมหานคร,30,30,ประเวศ,77,20,ดอกไม้,,
1733,กรุงเทพมหานคร,30,30,บางนา,77,21,,,
1734,กรุงเทพมหานคร,30,30,พระโขนง,77,21,,,
1735,กรุงเทพมหานคร,30,30,คลองสาน,77,22,,,
1736,กรุงเทพมหานคร,30,30,บางกอกใหญ่,77,22,,,
1737,กรุงเทพมหานคร,30,30,ธนบุรี,77,22,,ดาวคะนอง,
1738,กรุงเทพมหานคร,30,30,ธนบุรี,77,22,,บุคคโล,
1739,กรุงเทพมหานคร,30,30,ธนบุรี,77,22,,สำเหร่,
1740,กรุงเทพมหานคร,30,30,จอมทอง,77,23,,,
1741,กรุงเทพมหานคร,30,30,ธนบุรี,77,23,ดาวคะนอง,,
1742,กรุงเทพมหานคร,30,30,ธนบุรี,77,23,บุคคโล,,
1743,กรุงเทพมหานคร,30,30,ธนบุรี,77,23,สำเหร่,,
1744,กรุงเทพมหานคร,30,30,ราษฎร์บูรณะ,77,24,,,
1745,กรุงเทพมหานคร,30,30,ทุ่งครุ,77,24,,,
1746,กรุงเทพมหานคร,30,30,บางขุนเทียน,77,25,,,
1747,กรุงเทพมหานคร,30,30,บางบอน,77,26,,,
1748,กรุงเทพมหานคร,30,30,หนองแขม,77,26,หนองแขม,,
1749,กรุงเทพมหานคร,30,30,ทวีวัฒนา,77,27,,,
1750,กรุงเทพมหานคร,30,30,ตลิ่งชัน,77,27,ตลิ่งชัน,,
1751,กรุงเทพมหานคร,30,30,ตลิ่งชัน,77,27,ฉิมพลี,,
1752,กรุงเทพมหานคร,30,30,หนองแขม,77,27,,หนองแขม,
1753,กรุงเทพมหานคร,30,30,บางแค,77,28,,,
1754,กรุงเทพมหานคร,30,30,ภาษีเจริญ,77,29,,,
1755,กรุงเทพมหานคร,30,30,ตลิ่งชัน,77,29,,ตลิ่งชัน,
1756,กรุงเทพมหานคร,30,30,ตลิ่งชัน,77,29,,ฉิมพลี,
1757,กรุงเทพมหานคร,30,30,บางพลัด,77,30,,,
1758,กรุงเทพมหานคร,30,30,บางกอกน้อย,77,30,,,
