name,desc,image,PartyName,memberType,province_name,zone_number
สุภาพ นิยม,ส.ส. เขต (ตราด เขต 1),http://202.6.26.16/images/candidate/thumb/23/1/9fbd1d83-f22b-4a61-9437-429c7a56c95b.jpg,เศรษฐกิจใหม่,zone,ตราด,1
บุญเลิศ แก้วใย,ส.ส. เขต (นครนายก เขต 1),http://202.6.26.16/images/candidate/thumb/26/1/3dd8cc25-1dee-41c7-bd29-3ef251fe563a.jpg,เศรษฐกิจใหม่,zone,นครนายก,1
ประภากร สมประกอบ,ส.ส. เขต (พังงา เขต 1),http://202.6.26.16/images/candidate/thumb/82/1/bee48c56-2603-4a12-90d2-070a37b78727.jpg,เศรษฐกิจใหม่,zone,พังงา,1
อำนวย ธรรมตะถา,ส.ส. เขต (แม่ฮ่องสอน เขต 1),http://202.6.26.16/images/candidate/thumb/58/1/c62c8825-53a9-450e-9326-569a1757c642.jpg,เศรษฐกิจใหม่,zone,แม่ฮ่องสอน,1
นาวิน พยัฆยุทธิ์,ส.ส. เขต (ระนอง เขต 1),http://202.6.26.16/images/candidate/thumb/85/1/d8d7c7e3-dac6-413f-8b5b-b6576582684f.jpg,เศรษฐกิจใหม่,zone,ระนอง,1
บันดล วงศ์ระรื่น,ส.ส. เขต (สมุทรสงคราม เขต 1),http://202.6.26.16/images/candidate/thumb/75/1/dd89a3a1-27b2-4350-be13-aca7ddfeb4b4.jpg,เศรษฐกิจใหม่,zone,สมุทรสงคราม,1
ปทุมวดี เรือนดาหลวง,ส.ส. เขต (สิงห์บุรี เขต 1),http://202.6.26.16/images/candidate/thumb/17/1/e23b0332-c81e-4d05-bac2-8cea8290712e.jpg,เศรษฐกิจใหม่,zone,สิงห์บุรี,1
ณัฐจศักดิ์ กระจายศรี,ส.ส. เขต (อ่างทอง เขต 1),http://202.6.26.16/images/candidate/thumb/15/1/35e9023d-4804-4b1c-94d9-45552a13129d.jpg,เศรษฐกิจใหม่,zone,อ่างทอง,1
วรฤทัย ชัยภักดี,ส.ส. เขต (กระบี่ เขต 1),http://202.6.26.16/images/candidate/thumb/81/1/d850ca4d-d499-466c-a01c-9b76ca66bc3b.jpg,เศรษฐกิจใหม่,zone,กระบี่,1
กิตติศักดิ์ รุ่งโรจน์กิตติสิน,ส.ส. เขต (กระบี่ เขต 2),http://202.6.26.16/images/candidate/thumb/81/2/3967bd46-b02d-41f5-9db6-29dc5a53fffe.jpg,เศรษฐกิจใหม่,zone,กระบี่,2
ศุภกาญจน์ โจนส์,ส.ส. เขต (ชัยนาท เขต 1),http://202.6.26.16/images/candidate/thumb/18/1/997c4326-c53f-4696-810e-5e902228166c.jpg,เศรษฐกิจใหม่,zone,ชัยนาท,1
จักรกริช ชะเอม,ส.ส. เขต (ชัยนาท เขต 2),http://202.6.26.16/images/candidate/thumb/18/2/fc9da19d-c432-42cc-8fbf-0eff2e67be0e.jpg,เศรษฐกิจใหม่,zone,ชัยนาท,2
โยธิน บุญแก้ว,ส.ส. เขต (บึงกาฬ เขต 1),http://202.6.26.16/images/candidate/thumb/38/1/b93c5668-8299-4fd0-a3c0-c0e23fb8814e.jpg,เศรษฐกิจใหม่,zone,บึงกาฬ,1
ณรงค์ อินโพธิษา,ส.ส. เขต (บึงกาฬ เขต 2),http://202.6.26.16/images/candidate/thumb/38/2/75956117-b41f-40c7-abf2-d51c134a21e2.jpg,เศรษฐกิจใหม่,zone,บึงกาฬ,2
เนาวรัตน์ คณะนัย,ส.ส. เขต (แพร่ เขต 1),http://202.6.26.16/images/candidate/thumb/54/1/ef588875-2609-40e3-b4eb-c9edff8360bf.jpg,เศรษฐกิจใหม่,zone,แพร่,1
สิริพร กุลวงศ์,ส.ส. เขต (แพร่ เขต 2),http://202.6.26.16/images/candidate/thumb/54/2/cc43ee3b-6c5f-45e6-a0df-d2ba202955ee.jpg,เศรษฐกิจใหม่,zone,แพร่,2
ฐานิดา อะคะปัน,ส.ส. เขต (ภูเก็ต เขต 1),http://202.6.26.16/images/candidate/thumb/83/1/c68628b5-546a-472f-bfb3-4321d21cf29e.jpg,เศรษฐกิจใหม่,zone,ภูเก็ต,1
บุญยง บุรีรักษ์,ส.ส. เขต (ภูเก็ต เขต 2),http://202.6.26.16/images/candidate/thumb/83/2/205cd3ba-8ec3-49be-9530-a4ee1843d05c.jpg,เศรษฐกิจใหม่,zone,ภูเก็ต,2
สำเนียง จันทพันธ์,ส.ส. เขต (มุกดาหาร เขต 1),http://202.6.26.16/images/candidate/thumb/49/1/e1b5405a-3078-48aa-87ea-4e543c384c69.jpg,เศรษฐกิจใหม่,zone,มุกดาหาร,1
สังคม อุปคุณ,ส.ส. เขต (มุกดาหาร เขต 2),http://202.6.26.16/images/candidate/thumb/49/2/30c90533-7555-463e-85f6-4eb6be612d50.jpg,เศรษฐกิจใหม่,zone,มุกดาหาร,2
จินดาพล คำวรรณพร,ส.ส. เขต (ลำพูน เขต 1),http://202.6.26.16/images/candidate/thumb/51/1/fbcdbf3d-4d8f-4ebb-8797-76450be27798.jpg,เศรษฐกิจใหม่,zone,ลำพูน,1
ปิยภัทร พรมเศษ,ส.ส. เขต (ลำพูน เขต 2),http://202.6.26.16/images/candidate/thumb/51/2/0e9d9fe0-81cd-42dd-8047-61fad6fdbe74.jpg,เศรษฐกิจใหม่,zone,ลำพูน,2
อะลี หมาดสุวรรณ,ส.ส. เขต (สตูล เขต 1),http://202.6.26.16/images/candidate/thumb/91/1/e92df521-e430-437a-93fd-1328fecb9799.jpg,เศรษฐกิจใหม่,zone,สตูล,1
พีระ ปากบารา,ส.ส. เขต (สตูล เขต 2),http://202.6.26.16/images/candidate/thumb/91/2/3b551296-677a-490c-af83-3865a6a4e255.jpg,เศรษฐกิจใหม่,zone,สตูล,2
ภู่วิเศษ บุญนิรันดร์,ส.ส. เขต (อำนาจเจริญ เขต 1),http://202.6.26.16/images/candidate/thumb/37/1/75febcb5-545c-4f46-871b-d6df52bebea8.jpg,เศรษฐกิจใหม่,zone,อำนาจเจริญ,1
สร้อยทอง สุวรรณี,ส.ส. เขต (อำนาจเจริญ เขต 2),http://202.6.26.16/images/candidate/thumb/37/2/7502f215-fbc0-4a9f-b801-a5ce06ecdf67.jpg,เศรษฐกิจใหม่,zone,อำนาจเจริญ,2
สุภาพร ขันสุข,ส.ส. เขต (อุตรดิตถ์ เขต 1),http://202.6.26.16/images/candidate/thumb/53/1/d503037a-f54c-4fe2-87ad-97aedb89e07c.jpg,เศรษฐกิจใหม่,zone,อุตรดิตถ์,1
เฉลิมชัย ไหลสกุล,ส.ส. เขต (อุตรดิตถ์ เขต 2),http://202.6.26.16/images/candidate/thumb/53/2/bad8ea54-6c05-4ffd-835c-0a6cd3010316.jpg,เศรษฐกิจใหม่,zone,อุตรดิตถ์,2
อรกัญญา อมรจันทร์เพ็ญ,ส.ส. เขต (อุทัยธานี เขต 1),http://202.6.26.16/images/candidate/thumb/61/1/a87325d3-2503-497a-8703-ebbf9ff08ae3.jpg,เศรษฐกิจใหม่,zone,อุทัยธานี,1
เอกพิพัฒน์ ศรีประสงค์,ส.ส. เขต (จันทบุรี เขต 1),http://202.6.26.16/images/candidate/thumb/22/1/0546822b-3153-4a62-a8f2-6e88dfb8048f.jpg,เศรษฐกิจใหม่,zone,จันทบุรี,1
จักราวุธ สีหาพงษ์,ส.ส. เขต (จันทบุรี เขต 2),http://202.6.26.16/images/candidate/thumb/22/2/83cf475f-cc28-4da5-938c-5ca2b9b95b91.jpg,เศรษฐกิจใหม่,zone,จันทบุรี,2
เบญจมาศ กลั่นกสิกรณ์,ส.ส. เขต (จันทบุรี เขต 3),http://202.6.26.16/images/candidate/thumb/22/3/f808e34b-dedf-4865-86d6-264faf2504e6.jpg,เศรษฐกิจใหม่,zone,จันทบุรี,3
ไพรัตน์ คูอมรพัฒนะ,ส.ส. เขต (ชุมพร เขต 1),http://202.6.26.16/images/candidate/thumb/86/1/50f5f75d-08f5-4861-9ae6-8e5dad57098b.jpg,เศรษฐกิจใหม่,zone,ชุมพร,1
กชกานต์ สุนทรเพราะ,ส.ส. เขต (ชุมพร เขต 2),http://202.6.26.16/images/candidate/thumb/86/2/adf9f2c3-0bdf-424e-84c9-2695641bca7d.jpg,เศรษฐกิจใหม่,zone,ชุมพร,2
ณรงค์ นิตยา,ส.ส. เขต (ชุมพร เขต 3),http://202.6.26.16/images/candidate/thumb/86/3/ea8687f0-29eb-4d6c-94fe-dd94fe89c1c5.jpg,เศรษฐกิจใหม่,zone,ชุมพร,3
สมเกียรติ วัฒนสิน,ส.ส. เขต (ตรัง เขต 1),http://202.6.26.16/images/candidate/thumb/92/1/5e3698db-dd06-46dd-9d9c-d6df559ac093.jpg,เศรษฐกิจใหม่,zone,ตรัง,1
เกียรติกร อรัญวารี,ส.ส. เขต (ตรัง เขต 2),http://202.6.26.16/images/candidate/thumb/92/2/2dcffe86-61c3-468a-b3ae-c24623b8a175.jpg,เศรษฐกิจใหม่,zone,ตรัง,2
พงษ์พันธ์ สุทธิยาภรณ์,ส.ส. เขต (ตรัง เขต 3),http://202.6.26.16/images/candidate/thumb/92/3/e0697c93-a6f4-45bd-b496-bfc34d4d463f.jpg,เศรษฐกิจใหม่,zone,ตรัง,3
วิษณุ เนียมพา,ส.ส. เขต (ตาก เขต 2),http://202.6.26.16/images/candidate/thumb/63/2/1405bb0f-ce2d-4e63-802a-66b9bc6fe24a.jpg,เศรษฐกิจใหม่,zone,ตาก,2
กฤษฎา กาวิใจ,ส.ส. เขต (ตาก เขต 3),http://202.6.26.16/images/candidate/thumb/63/3/6ab76c76-7d8a-4cbc-8642-b0165ec7d4ee.jpg,เศรษฐกิจใหม่,zone,ตาก,3
จุฑาทิพย์ ไชยวุฒิ,ส.ส. เขต (น่าน เขต 1),http://202.6.26.16/images/candidate/thumb/55/1/15bf552b-e5cc-4a7e-b15b-ddbf5452eb9b.jpg,เศรษฐกิจใหม่,zone,น่าน,1
ผ่าน สีแก้ว,ส.ส. เขต (น่าน เขต 2),http://202.6.26.16/images/candidate/thumb/55/2/fda3e3ab-b626-4872-842d-2511da625414.jpg,เศรษฐกิจใหม่,zone,น่าน,2
สัมฤทธิ์ คำรังษี,ส.ส. เขต (น่าน เขต 3),http://202.6.26.16/images/candidate/thumb/55/3/d01bb2a3-a19f-44ad-a130-4fb1e410adcf.jpg,เศรษฐกิจใหม่,zone,น่าน,3
วิรัตน์ สังข์ทอง,ส.ส. เขต (ปราจีนบุรี เขต 1),http://202.6.26.16/images/candidate/thumb/25/1/110234c1-1554-4a7a-9bd2-427a454c2b87.jpg,เศรษฐกิจใหม่,zone,ปราจีนบุรี,1
วนัสนันท์ พุทธา,ส.ส. เขต (ปราจีนบุรี เขต 2),http://202.6.26.16/images/candidate/thumb/25/2/2a82c393-58e1-41e6-9436-f46bf970ee65.jpg,เศรษฐกิจใหม่,zone,ปราจีนบุรี,2
ธิษณามตรี ฤทธิ์ประเสริฐ,ส.ส. เขต (ปราจีนบุรี เขต 3),http://202.6.26.16/images/candidate/thumb/25/3/24f29c9f-54c2-48a3-9db4-a6adf3076bf7.jpg,เศรษฐกิจใหม่,zone,ปราจีนบุรี,3
จำรอง พึ่งสุข,ส.ส. เขต (พะเยา เขต 1),http://202.6.26.16/images/candidate/thumb/56/1/cd2d0da2-fe5b-479a-8468-93cedbcb843b.jpg,เศรษฐกิจใหม่,zone,พะเยา,1
กัญญารัตน์ ยินดี,ส.ส. เขต (พะเยา เขต 2),http://202.6.26.16/images/candidate/thumb/56/2/c2e8ea42-5c3d-4a2d-8ded-fc3b67d4795d.jpg,เศรษฐกิจใหม่,zone,พะเยา,2
มณีวรรณ อิ่มจำลอง,ส.ส. เขต (พะเยา เขต 3),http://202.6.26.16/images/candidate/thumb/56/3/437953a6-d24d-476a-a983-f286057879ad.jpg,เศรษฐกิจใหม่,zone,พะเยา,3
ศิรินันท์ มีสมจิตร,ส.ส. เขต (พัทลุง เขต 1),http://202.6.26.16/images/candidate/thumb/93/1/5630ee89-6614-4deb-b672-2ee1a35df567.jpg,เศรษฐกิจใหม่,zone,พัทลุง,1
สิริญาดา วรศรี,ส.ส. เขต (พัทลุง เขต 2),http://202.6.26.16/images/candidate/thumb/93/2/94cbdfe4-5c3d-4c6e-85a1-02305c7d1cf3.jpg,เศรษฐกิจใหม่,zone,พัทลุง,2
อรัญ ดำแม็ง,ส.ส. เขต (พัทลุง เขต 3),http://202.6.26.16/images/candidate/thumb/93/3/0ecc26d9-a596-451b-928f-c95e733e6448.jpg,เศรษฐกิจใหม่,zone,พัทลุง,3
อุสา บุตรเพ็ชร,ส.ส. เขต (พิจิตร เขต 1),http://202.6.26.16/images/candidate/thumb/66/1/3fdbc413-9815-4dcc-8cfa-fc8204bc7b8a.jpg,เศรษฐกิจใหม่,zone,พิจิตร,1
วัฒนะ เฉื่อยฉ่ำ,ส.ส. เขต (พิจิตร เขต 2),http://202.6.26.16/images/candidate/thumb/66/2/321adef3-df64-4f61-aebd-3ccfbcce7d9d.jpg,เศรษฐกิจใหม่,zone,พิจิตร,2
วรวลัญช์ น้อยดี,ส.ส. เขต (พิจิตร เขต 3),http://202.6.26.16/images/candidate/thumb/66/3/4af768bb-04d6-4ab0-afe3-675dc0b3d7ac.jpg,เศรษฐกิจใหม่,zone,พิจิตร,3
จิตตานันท์ นันทภักดิ์,ส.ส. เขต (เพชรบุรี เขต 1),http://202.6.26.16/images/candidate/thumb/76/1/610b4a2a-3d93-4849-9aec-f822a0616286.jpg,เศรษฐกิจใหม่,zone,เพชรบุรี,1
ปราโมทย์ เพชรศาสตร์,ส.ส. เขต (เพชรบุรี เขต 2),http://202.6.26.16/images/candidate/thumb/76/2/3d51316d-4c03-472a-9c98-6c8652e52ece.jpg,เศรษฐกิจใหม่,zone,เพชรบุรี,2
จิณณาวัฒน์ มูลนาม,ส.ส. เขต (เพชรบุรี เขต 3),http://202.6.26.16/images/candidate/thumb/76/3/ee109d99-5e93-4aab-9b93-90abb6e67077.jpg,เศรษฐกิจใหม่,zone,เพชรบุรี,3
โกวิท ณ โกศิลป์,ส.ส. เขต (ยโสธร เขต 1),http://202.6.26.16/images/candidate/thumb/35/1/38820ebf-d50f-4c90-b1ee-4020d30f90c0.jpg,เศรษฐกิจใหม่,zone,ยโสธร,1
สุศิริวิภา สมหวัง,ส.ส. เขต (ยโสธร เขต 2),http://202.6.26.16/images/candidate/thumb/35/2/6af60a2c-9a8f-4b64-9858-18b211292c46.jpg,เศรษฐกิจใหม่,zone,ยโสธร,2
อุตส่าห์ ชายทวีป,ส.ส. เขต (ยโสธร เขต 3),http://202.6.26.16/images/candidate/thumb/35/3/f84f6c57-7be9-4e4c-bc02-e4527778786d.jpg,เศรษฐกิจใหม่,zone,ยโสธร,3
มะสือดี สะแลแม,ส.ส. เขต (ยะลา เขต 1),http://202.6.26.16/images/candidate/thumb/95/1/8295d609-3f45-4089-a8fb-7b5baefb6119.jpg,เศรษฐกิจใหม่,zone,ยะลา,1
อาฮามัด วาเตะ,ส.ส. เขต (ยะลา เขต 2),http://202.6.26.16/images/candidate/thumb/95/2/9a8418d0-451a-4c12-b7f7-1f49f0e40e73.jpg,เศรษฐกิจใหม่,zone,ยะลา,2
เมาลานา บาฮะคีรี,ส.ส. เขต (ยะลา เขต 3),http://202.6.26.16/images/candidate/thumb/95/3/e7705dab-5dde-4e60-b8cc-deacd9c87d0c.jpg,เศรษฐกิจใหม่,zone,ยะลา,3
อุดม อ่ำแย้ม,ส.ส. เขต (เลย เขต 1),http://202.6.26.16/images/candidate/thumb/42/1/25d6d9a2-a97a-4611-b361-8237abb48873.jpg,เศรษฐกิจใหม่,zone,เลย,1
สุรสีห์ ลานนท์,ส.ส. เขต (เลย เขต 2),http://202.6.26.16/images/candidate/thumb/42/2/29a74d8e-2483-49d2-945c-c1f64e875911.jpg,เศรษฐกิจใหม่,zone,เลย,2
บุญสิน จันทะสอน,ส.ส. เขต (สระแก้ว เขต 1),http://202.6.26.16/images/candidate/thumb/27/1/075e9b15-c122-4b9c-b2b6-e06cac8f1cbf.jpg,เศรษฐกิจใหม่,zone,สระแก้ว,1
ฐาปกรณ์ โนนศรีโคตร,ส.ส. เขต (สระแก้ว เขต 2),http://202.6.26.16/images/candidate/thumb/27/2/09ef80ce-c7b7-4188-8888-12767346b7bc.jpg,เศรษฐกิจใหม่,zone,สระแก้ว,2
สุทธิพงศ์ ทองชำนาญ,ส.ส. เขต (สระแก้ว เขต 3),http://202.6.26.16/images/candidate/thumb/27/3/47302fc3-7cb4-4d98-b04d-a20e8a469282.jpg,เศรษฐกิจใหม่,zone,สระแก้ว,3
อานนท์ โพธิพุฒ,ส.ส. เขต (สระบุรี เขต 1),http://202.6.26.16/images/candidate/thumb/19/1/08bf53f5-3931-4683-af34-033a4f860c7b.jpg,เศรษฐกิจใหม่,zone,สระบุรี,1
ไพรัตน์ กลิ่นหมื่นไวย์,ส.ส. เขต (สระบุรี เขต 2),http://202.6.26.16/images/candidate/thumb/19/2/2818c5ed-202a-4668-89b6-74e647b50063.jpg,เศรษฐกิจใหม่,zone,สระบุรี,2
ถวิล อนันตมี,ส.ส. เขต (สระบุรี เขต 3),http://202.6.26.16/images/candidate/thumb/19/3/0a802779-3900-4b1a-bf52-0730c28b968e.jpg,เศรษฐกิจใหม่,zone,สระบุรี,3
ทรงวุฒิ อินนาค,ส.ส. เขต (สุโขทัย เขต 2),http://202.6.26.16/images/candidate/thumb/64/2/b1d86e5c-6461-466c-b65f-c698c47394c8.jpg,เศรษฐกิจใหม่,zone,สุโขทัย,2
เชวงศักดิ์ พฤกษเทเวศ,ส.ส. เขต (หนองคาย เขต 1),http://202.6.26.16/images/candidate/thumb/43/1/c07e39ce-dbab-4ce6-bbdd-5e1db1ac13be.jpg,เศรษฐกิจใหม่,zone,หนองคาย,1
ประหยัด โพนสิงห์,ส.ส. เขต (หนองคาย เขต 2),http://202.6.26.16/images/candidate/thumb/43/2/37095781-abfe-488a-8ba5-e11735c54267.jpg,เศรษฐกิจใหม่,zone,หนองคาย,2
อาภากร นามเดช,ส.ส. เขต (หนองคาย เขต 3),http://202.6.26.16/images/candidate/thumb/43/3/351f87ea-507f-45b9-a0e0-babf815d9072.jpg,เศรษฐกิจใหม่,zone,หนองคาย,3
นริศรา ดำรงวัฒนกุล,ส.ส. เขต (หนองบัวลำภู เขต 1),http://202.6.26.16/images/candidate/thumb/39/1/1337606c-3d04-41e0-938e-5c11572c4c49.jpg,เศรษฐกิจใหม่,zone,หนองบัวลำภู,1
สะอาด ศรีฐาน,ส.ส. เขต (หนองบัวลำภู เขต 2),http://202.6.26.16/images/candidate/thumb/39/2/a71b9bc9-f8dc-4197-9f37-1e798c932c4a.jpg,เศรษฐกิจใหม่,zone,หนองบัวลำภู,2
ชัยธวัช สามิตร,ส.ส. เขต (หนองบัวลำภู เขต 3),http://202.6.26.16/images/candidate/thumb/39/3/a74c7af1-11dd-4f1a-964c-fd8b832d0caf.jpg,เศรษฐกิจใหม่,zone,หนองบัวลำภู,3
ศุภกิจ สีพุมมา,ส.ส. เขต (กำแพงเพชร เขต 1),http://202.6.26.16/images/candidate/thumb/62/1/3635c52a-c54d-49b1-9bd8-bafcc8f75802.jpg,เศรษฐกิจใหม่,zone,กำแพงเพชร,1
ธรรมศักดิ์ สิงหจารุ,ส.ส. เขต (กำแพงเพชร เขต 2),http://202.6.26.16/images/candidate/thumb/62/2/039323f9-32d7-40d5-a284-9b195cd7a966.jpg,เศรษฐกิจใหม่,zone,กำแพงเพชร,2
ธนดล สาระพงษ์,ส.ส. เขต (กำแพงเพชร เขต 3),http://202.6.26.16/images/candidate/thumb/62/3/dfce49b3-2c39-4e4a-83ca-557b7b93343b.jpg,เศรษฐกิจใหม่,zone,กำแพงเพชร,3
สถิตย์ คำมา,ส.ส. เขต (กำแพงเพชร เขต 4),http://202.6.26.16/images/candidate/thumb/62/4/739579c6-2067-4438-beef-ca0c4ad89175.jpg,เศรษฐกิจใหม่,zone,กำแพงเพชร,4
พรพรรณ วงษ์นิ่ม,ส.ส. เขต (ฉะเชิงเทรา เขต 1),http://202.6.26.16/images/candidate/thumb/24/1/7ee1e8f5-ed06-45b0-a486-2c10723f372c.jpg,เศรษฐกิจใหม่,zone,ฉะเชิงเทรา,1
สุรชัย ดำรงสุสกุล,ส.ส. เขต (ฉะเชิงเทรา เขต 2),http://202.6.26.16/images/candidate/thumb/24/2/76b7ac36-f688-4c0d-b91d-8231d74260dd.jpg,เศรษฐกิจใหม่,zone,ฉะเชิงเทรา,2
กัลยา สำอาง,ส.ส. เขต (ฉะเชิงเทรา เขต 3),http://202.6.26.16/images/candidate/thumb/24/3/b9004e86-5fb2-4cd7-aefa-c847a7902dee.jpg,เศรษฐกิจใหม่,zone,ฉะเชิงเทรา,3
อาคม แสงสง่าศรี,ส.ส. เขต (ฉะเชิงเทรา เขต 4),http://202.6.26.16/images/candidate/thumb/24/4/9ffe4bbb-2934-49bc-82a2-3c1a9b99aee3.jpg,เศรษฐกิจใหม่,zone,ฉะเชิงเทรา,4
ศิริพงษ์ ผาคำ,ส.ส. เขต (นครพนม เขต 1),http://202.6.26.16/images/candidate/thumb/48/1/edef263b-71fb-4782-9f00-d255551b2b69.jpg,เศรษฐกิจใหม่,zone,นครพนม,1
ครรชิต เกษรราช,ส.ส. เขต (นครพนม เขต 2),http://202.6.26.16/images/candidate/thumb/48/2/0ffba9a3-900d-4ae8-9f6c-4df109a62b75.jpg,เศรษฐกิจใหม่,zone,นครพนม,2
สาธิต หาญณรงค์,ส.ส. เขต (นครพนม เขต 3),http://202.6.26.16/images/candidate/thumb/48/3/52a81fc5-5b99-43b3-b5ca-5b02349dc7cc.jpg,เศรษฐกิจใหม่,zone,นครพนม,3
ประยูร จันทร์ชนะ,ส.ส. เขต (นครพนม เขต 4),http://202.6.26.16/images/candidate/thumb/48/4/803b5329-0642-4a77-b0bc-7ebd2e2a65c2.jpg,เศรษฐกิจใหม่,zone,นครพนม,4
มะตอเฮ เจ๊ะโด,ส.ส. เขต (นราธิวาส เขต 1),http://202.6.26.16/images/candidate/thumb/96/1/ad98aae7-98ee-49f1-9e50-8a3c2b66ccff.jpg,เศรษฐกิจใหม่,zone,นราธิวาส,1
อาซือรี มะยูนุ,ส.ส. เขต (นราธิวาส เขต 2),http://202.6.26.16/images/candidate/thumb/96/2/8cb7c35e-21c3-45e9-97d2-60513cc6c676.jpg,เศรษฐกิจใหม่,zone,นราธิวาส,2
อับดุลยะฮะรี แวกือจิ,ส.ส. เขต (นราธิวาส เขต 4),http://202.6.26.16/images/candidate/thumb/96/4/b1eaef72-f78c-491a-9097-2e1636929780.jpg,เศรษฐกิจใหม่,zone,นราธิวาส,4
มูฮัมมะซายดี เฮาะมะ,ส.ส. เขต (ปัตตานี เขต 1),http://202.6.26.16/images/candidate/thumb/94/1/364f38dc-d415-4ddf-b96f-6b3eed8d6683.jpg,เศรษฐกิจใหม่,zone,ปัตตานี,1
ซูเฟียน สะดียามู,ส.ส. เขต (ปัตตานี เขต 2),http://202.6.26.16/images/candidate/thumb/94/2/64d5a73a-4816-4bd9-9db9-318d3d6ed43f.jpg,เศรษฐกิจใหม่,zone,ปัตตานี,2
อิสมาแอ ยาดา,ส.ส. เขต (ปัตตานี เขต 3),http://202.6.26.16/images/candidate/thumb/94/3/ee701541-5652-4c4b-8ca9-05dcf9786fbc.jpg,เศรษฐกิจใหม่,zone,ปัตตานี,3
อาแซ บิง,ส.ส. เขต (ปัตตานี เขต 4),http://202.6.26.16/images/candidate/thumb/94/4/08daaf95-ae16-41d2-8111-28a90615d03d.jpg,เศรษฐกิจใหม่,zone,ปัตตานี,4
ศุภณัฐ บัดแก้ว,ส.ส. เขต (พระนครศรีอยุธยา เขต 2),http://202.6.26.16/images/candidate/thumb/14/2/484c10ac-ee75-4ba2-876b-411e5e9f1833.jpg,เศรษฐกิจใหม่,zone,พระนครศรีอยุธยา,2
ณภัทร ธรรมพิทักษ์,ส.ส. เขต (พระนครศรีอยุธยา เขต 4),http://202.6.26.16/images/candidate/thumb/14/4/2255c1b7-6bb6-4959-96bf-411e0674a5ff.jpg,เศรษฐกิจใหม่,zone,พระนครศรีอยุธยา,4
เรืองเกียรติ ศิริประพันธ์รัตน์,ส.ส. เขต (ระยอง เขต 1),http://202.6.26.16/images/candidate/thumb/21/1/28e1018e-2d01-488f-9e3a-8b2d5ffb03b6.jpg,เศรษฐกิจใหม่,zone,ระยอง,1
ชลธิชา สุขแสงเปล่ง,ส.ส. เขต (ระยอง เขต 2),http://202.6.26.16/images/candidate/thumb/21/2/60ea2861-4e6e-4e52-9517-c53aeff988ca.jpg,เศรษฐกิจใหม่,zone,ระยอง,2
จิรบูรณ์ นิยมสมาน,ส.ส. เขต (ระยอง เขต 3),http://202.6.26.16/images/candidate/thumb/21/3/b3ca6925-9424-4f50-b6e0-2380668481d5.jpg,เศรษฐกิจใหม่,zone,ระยอง,3
พิรานันท์ บุญธาราม,ส.ส. เขต (ระยอง เขต 4),http://202.6.26.16/images/candidate/thumb/21/4/53e1545c-7f83-47c2-adae-ec90cfca9353.jpg,เศรษฐกิจใหม่,zone,ระยอง,4
ณกรณ์ ภู่ทับทิม,ส.ส. เขต (ลพบุรี เขต 1),http://202.6.26.16/images/candidate/thumb/16/1/ade3a831-035e-4763-b31a-65c17a4af6ac.jpg,เศรษฐกิจใหม่,zone,ลพบุรี,1
ณิรัชญา ศรีอิ่มอาภร,ส.ส. เขต (ลพบุรี เขต 2),http://202.6.26.16/images/candidate/thumb/16/2/ad946bd3-3099-4453-a23b-0af9be2de90c.jpg,เศรษฐกิจใหม่,zone,ลพบุรี,2
วิไลย์ ทัศนะ,ส.ส. เขต (ลพบุรี เขต 3),http://202.6.26.16/images/candidate/thumb/16/3/0e4abacf-2cb7-44fa-8c06-497911fe3bdf.jpg,เศรษฐกิจใหม่,zone,ลพบุรี,3
สุรินทร์ เมืองช้าง,ส.ส. เขต (ลพบุรี เขต 4),http://202.6.26.16/images/candidate/thumb/16/4/8d004fcf-a74b-419b-8a2d-f8cb112e9ca5.jpg,เศรษฐกิจใหม่,zone,ลพบุรี,4
ศรัณย์ หมื่นสันธิ,ส.ส. เขต (ลำปาง เขต 1),http://202.6.26.16/images/candidate/thumb/52/1/696366a7-f903-4a3e-a7c6-53aa45337959.jpg,เศรษฐกิจใหม่,zone,ลำปาง,1
จรัส แก้วสืบ,ส.ส. เขต (ลำปาง เขต 2),http://202.6.26.16/images/candidate/thumb/52/2/34757610-aa8a-42be-af44-88ae739d8f55.jpg,เศรษฐกิจใหม่,zone,ลำปาง,2
กมลนิตย์ เดชามาตย์,ส.ส. เขต (ลำปาง เขต 3),http://202.6.26.16/images/candidate/thumb/52/3/4f13fc7b-eaea-4597-bfb4-2ded6c6d62ea.jpg,เศรษฐกิจใหม่,zone,ลำปาง,3
ธีรยุทธ ธรรมาวุฒิชัย,ส.ส. เขต (ลำปาง เขต 4),http://202.6.26.16/images/candidate/thumb/52/4/3c7ed39d-e039-4b7d-8f04-3d72a9760b79.jpg,เศรษฐกิจใหม่,zone,ลำปาง,4
สุเทพ วังกรานต์,ส.ส. เขต (สุพรรณบุรี เขต 1),http://202.6.26.16/images/candidate/thumb/72/1/d286578b-8b01-49b2-ae04-ec6dfcf1a430.jpg,เศรษฐกิจใหม่,zone,สุพรรณบุรี,1
สกุลไทย เมฆฉาย,ส.ส. เขต (สุพรรณบุรี เขต 2),http://202.6.26.16/images/candidate/thumb/72/2/6acca7c3-fe4c-48df-8707-9654fb1da0fe.jpg,เศรษฐกิจใหม่,zone,สุพรรณบุรี,2
กำจัด ใจดี,ส.ส. เขต (สุพรรณบุรี เขต 3),http://202.6.26.16/images/candidate/thumb/72/3/c34819a5-ac7d-4ef2-afb4-0468c96f4034.jpg,เศรษฐกิจใหม่,zone,สุพรรณบุรี,3
บรรจง ราตรี,ส.ส. เขต (สุพรรณบุรี เขต 4),http://202.6.26.16/images/candidate/thumb/72/4/d2840ae6-9789-4988-9944-6f7387fba78a.jpg,เศรษฐกิจใหม่,zone,สุพรรณบุรี,4
ยอดชาย บุญจีน,ส.ส. เขต (กาญจนบุรี เขต 1),http://202.6.26.16/images/candidate/thumb/71/1/8f1f07a4-97b1-454b-a966-e162828dde88.jpg,เศรษฐกิจใหม่,zone,กาญจนบุรี,1
ไพศาล แก้วสะอาด,ส.ส. เขต (กาญจนบุรี เขต 2),http://202.6.26.16/images/candidate/thumb/71/2/fdca4825-ce6e-4055-a22c-b2ff8c1287ff.jpg,เศรษฐกิจใหม่,zone,กาญจนบุรี,2
ศิริพร วรรณฉวี,ส.ส. เขต (กาญจนบุรี เขต 3),http://202.6.26.16/images/candidate/thumb/71/3/820a7175-637f-44ae-8f8e-92e202e46403.jpg,เศรษฐกิจใหม่,zone,กาญจนบุรี,3
สมคิด พึ่งมนัส,ส.ส. เขต (กาญจนบุรี เขต 4),http://202.6.26.16/images/candidate/thumb/71/4/15ff8497-ac51-4d04-a43d-2106d955456f.jpg,เศรษฐกิจใหม่,zone,กาญจนบุรี,4
วิชิต โฉมแก่นแก้ว,ส.ส. เขต (กาญจนบุรี เขต 5),http://202.6.26.16/images/candidate/thumb/71/5/5bfcfb25-e687-4578-8395-c5d5d3c58a63.jpg,เศรษฐกิจใหม่,zone,กาญจนบุรี,5
จักรี กองอุดม,ส.ส. เขต (กาฬสินธุ์ เขต 1),http://202.6.26.16/images/candidate/thumb/46/1/7749491d-053c-4328-b1d5-fb4bd79a5774.jpg,เศรษฐกิจใหม่,zone,กาฬสินธุ์,1
รุ่งเรือง ภูครองตา,ส.ส. เขต (กาฬสินธุ์ เขต 2),http://202.6.26.16/images/candidate/thumb/46/2/48155dd9-9133-41e1-90c2-f0e9e766dbff.jpg,เศรษฐกิจใหม่,zone,กาฬสินธุ์,2
ฐานมญ มาตรา,ส.ส. เขต (กาฬสินธุ์ เขต 3),http://202.6.26.16/images/candidate/thumb/46/3/65830084-4b60-43c4-b4bf-2ff09e3fd223.jpg,เศรษฐกิจใหม่,zone,กาฬสินธุ์,3
บุญถม วงศรีเทพ,ส.ส. เขต (กาฬสินธุ์ เขต 4),http://202.6.26.16/images/candidate/thumb/46/4/48a94fdd-c58e-4c85-9b88-65bbf0c8c825.jpg,เศรษฐกิจใหม่,zone,กาฬสินธุ์,4
ยุทธนา กองอุดม,ส.ส. เขต (กาฬสินธุ์ เขต 5),http://202.6.26.16/images/candidate/thumb/46/5/07211b1e-5739-453b-9da2-81aa04f5fc72.jpg,เศรษฐกิจใหม่,zone,กาฬสินธุ์,5
เจนวิทย์ ฮวดหนองโพธิ์,ส.ส. เขต (นครปฐม เขต 2),http://202.6.26.16/images/candidate/thumb/73/2/087f67fd-520e-46e7-8e62-6b8a710b32b9.jpg,เศรษฐกิจใหม่,zone,นครปฐม,2
ธนกฤต เอกธนัทชัยกุล,ส.ส. เขต (นครปฐม เขต 3),http://202.6.26.16/images/candidate/thumb/73/3/7881a4fd-1f70-4743-bbeb-46b3b8bd3876.jpg,เศรษฐกิจใหม่,zone,นครปฐม,3
สุกฤตา พระพรหม,ส.ส. เขต (นครปฐม เขต 4),http://202.6.26.16/images/candidate/thumb/73/4/f5d1ca63-ca14-4302-9570-b12e7601736d.jpg,เศรษฐกิจใหม่,zone,นครปฐม,4
สรัณวัชร วิเชียรณรัตน์,ส.ส. เขต (นครปฐม เขต 5),http://202.6.26.16/images/candidate/thumb/73/5/1615b1a3-9d62-4084-9127-01b8e81584b2.jpg,เศรษฐกิจใหม่,zone,นครปฐม,5
ฉลอง จันทะโก,ส.ส. เขต (พิษณุโลก เขต 1),http://202.6.26.16/images/candidate/thumb/65/1/91624d53-03c9-4c0e-95d2-9e9fc94ab70c.jpg,เศรษฐกิจใหม่,zone,พิษณุโลก,1
คนองเดช พงษ์ประเสริฐ,ส.ส. เขต (พิษณุโลก เขต 2),http://202.6.26.16/images/candidate/thumb/65/2/1de149bb-cd20-43c4-b11d-4fd8487a8db0.jpg,เศรษฐกิจใหม่,zone,พิษณุโลก,2
ณัฐวุฒิ บุญจันทร์,ส.ส. เขต (พิษณุโลก เขต 3),http://202.6.26.16/images/candidate/thumb/65/3/4df59c30-3827-46a6-a345-cdbd48978ec7.jpg,เศรษฐกิจใหม่,zone,พิษณุโลก,3
วิสุทธิ์ ฉายพันธ์,ส.ส. เขต (พิษณุโลก เขต 4),http://202.6.26.16/images/candidate/thumb/65/4/9dcd6673-4bbe-4465-85b1-b50a8fbfe4c0.jpg,เศรษฐกิจใหม่,zone,พิษณุโลก,4
วิวัฒน์ ดีอินทร์,ส.ส. เขต (พิษณุโลก เขต 5),http://202.6.26.16/images/candidate/thumb/65/5/32626256-4165-4d1c-b03b-a1a8bb1b36bd.jpg,เศรษฐกิจใหม่,zone,พิษณุโลก,5
เสวี สะอาดใจ,ส.ส. เขต (เพชรบูรณ์ เขต 1),http://202.6.26.16/images/candidate/thumb/67/1/6e70b90c-4d26-4c4a-9cd8-539ddf4d3f53.jpg,เศรษฐกิจใหม่,zone,เพชรบูรณ์,1
สุรนาจ กองเตย,ส.ส. เขต (เพชรบูรณ์ เขต 2),http://202.6.26.16/images/candidate/thumb/67/2/405f470a-7b3a-4145-a9ca-2096f70e9df6.jpg,เศรษฐกิจใหม่,zone,เพชรบูรณ์,2
ชัยยันต์ ยอดคำ,ส.ส. เขต (เพชรบูรณ์ เขต 3),http://202.6.26.16/images/candidate/thumb/67/3/e9667fb6-95f4-46f2-a5b7-e3d69d154344.jpg,เศรษฐกิจใหม่,zone,เพชรบูรณ์,3
นวน ไสยาน้อย,ส.ส. เขต (เพชรบูรณ์ เขต 4),http://202.6.26.16/images/candidate/thumb/67/4/99cd7cf7-6f61-4536-aca1-485ae1ff0e26.jpg,เศรษฐกิจใหม่,zone,เพชรบูรณ์,4
พรหมสิทธิ์ พรหมเมือง,ส.ส. เขต (เพชรบูรณ์ เขต 5),http://202.6.26.16/images/candidate/thumb/67/5/864f1ad1-66da-4370-a027-0340c3df51ba.jpg,เศรษฐกิจใหม่,zone,เพชรบูรณ์,5
โทน เนื่องไชยยศ,ส.ส. เขต (มหาสารคาม เขต 1),http://202.6.26.16/images/candidate/thumb/44/1/db5819f4-8485-45e8-9d7f-920ece79b205.jpg,เศรษฐกิจใหม่,zone,มหาสารคาม,1
ชัทชกร ผึ่งบรรหาร,ส.ส. เขต (มหาสารคาม เขต 2),http://202.6.26.16/images/candidate/thumb/44/2/8cfbf2bf-0b65-4cc9-bc54-f64b9e164378.jpg,เศรษฐกิจใหม่,zone,มหาสารคาม,2
ทองปาน พรมงาม,ส.ส. เขต (มหาสารคาม เขต 3),http://202.6.26.16/images/candidate/thumb/44/3/5c6e1fad-bddc-4a47-b4fe-ebc80c627d75.jpg,เศรษฐกิจใหม่,zone,มหาสารคาม,3
หวัน ชินเชษฐ์,ส.ส. เขต (มหาสารคาม เขต 4),http://202.6.26.16/images/candidate/thumb/44/4/0bbcc662-1bd4-4354-9456-78f794cb8a32.jpg,เศรษฐกิจใหม่,zone,มหาสารคาม,4
วีระพันธุ์ โคตร์ศรีเมือง,ส.ส. เขต (มหาสารคาม เขต 5),http://202.6.26.16/images/candidate/thumb/44/5/a05cf8a4-a287-427c-954c-f3189f6c39fd.jpg,เศรษฐกิจใหม่,zone,มหาสารคาม,5
ประวิทย์ คงเพชร,ส.ส. เขต (ราชบุรี เขต 1),http://202.6.26.16/images/candidate/thumb/70/1/b2e81965-269e-4783-8ec3-d91acabf954b.jpg,เศรษฐกิจใหม่,zone,ราชบุรี,1
พีรพัฒน์ คงเพ็ชร,ส.ส. เขต (ราชบุรี เขต 2),http://202.6.26.16/images/candidate/thumb/70/2/5e0cac85-8a57-41fd-8716-de3aa70f8907.jpg,เศรษฐกิจใหม่,zone,ราชบุรี,2
จด แหยมศิริ,ส.ส. เขต (ราชบุรี เขต 3),http://202.6.26.16/images/candidate/thumb/70/3/594b98d5-2259-44b5-856d-efe08dc2a59e.jpg,เศรษฐกิจใหม่,zone,ราชบุรี,3
พยงค์ ทองปลาด,ส.ส. เขต (ราชบุรี เขต 4),http://202.6.26.16/images/candidate/thumb/70/4/e2ef1943-0ad7-4897-8500-887e7ad2d220.jpg,เศรษฐกิจใหม่,zone,ราชบุรี,4
สมศักดิ์ ศรีเอี่ยมกูล,ส.ส. เขต (ราชบุรี เขต 5),http://202.6.26.16/images/candidate/thumb/70/5/fdab9f23-6ee6-459e-b851-5ec052c5ce2a.jpg,เศรษฐกิจใหม่,zone,ราชบุรี,5
ธนารักษ์ บุญเพชรรัตน์,ส.ส. เขต (ชัยภูมิ เขต 1),http://202.6.26.16/images/candidate/thumb/36/1/6573ca21-84e9-4d9d-b329-f4ab46c4da87.jpg,เศรษฐกิจใหม่,zone,ชัยภูมิ,1
เอกชัย อังกลมเกลียว,ส.ส. เขต (ชัยภูมิ เขต 2),http://202.6.26.16/images/candidate/thumb/36/2/304657b4-1b21-44c6-9d17-5e65012c9143.jpg,เศรษฐกิจใหม่,zone,ชัยภูมิ,2
ณัฐพนธ์ โรจนวิริยางกูร,ส.ส. เขต (ชัยภูมิ เขต 3),http://202.6.26.16/images/candidate/thumb/36/3/1f118066-2dd5-4878-a241-9d98368d4c96.jpg,เศรษฐกิจใหม่,zone,ชัยภูมิ,3
ปราโมทย์ อาราษฎร์,ส.ส. เขต (ชัยภูมิ เขต 4),http://202.6.26.16/images/candidate/thumb/36/4/b70207f3-0646-4b49-9adc-d65b83b9fac6.jpg,เศรษฐกิจใหม่,zone,ชัยภูมิ,4
เฉลิม ฦๅชา,ส.ส. เขต (ชัยภูมิ เขต 5),http://202.6.26.16/images/candidate/thumb/36/5/e9d5e207-ddb1-4468-91d9-5005253ade8f.jpg,เศรษฐกิจใหม่,zone,ชัยภูมิ,5
เมธาวี เหลื่อมศรีจันทร์,ส.ส. เขต (ชัยภูมิ เขต 6),http://202.6.26.16/images/candidate/thumb/36/6/64e94100-5f06-40e5-9d07-a15fccd7f477.jpg,เศรษฐกิจใหม่,zone,ชัยภูมิ,6
นทิตรฎา จันทรตัน,ส.ส. เขต (นครสวรรค์ เขต 1),http://202.6.26.16/images/candidate/thumb/60/1/a2c713dd-d252-4aa5-9c00-2d4713797a1f.jpg,เศรษฐกิจใหม่,zone,นครสวรรค์,1
สุขภวิศิษฐ์ อินพิทักษ์,ส.ส. เขต (นครสวรรค์ เขต 2),http://202.6.26.16/images/candidate/thumb/60/2/278032a2-e6be-432e-9849-413be1f24d87.jpg,เศรษฐกิจใหม่,zone,นครสวรรค์,2
สุวรรณ์ เขม่นเขตการ,ส.ส. เขต (นครสวรรค์ เขต 3),http://202.6.26.16/images/candidate/thumb/60/3/92a6bd45-c522-418d-a31a-1a58adc01077.jpg,เศรษฐกิจใหม่,zone,นครสวรรค์,3
มยุรี ศรีคนนท์,ส.ส. เขต (นครสวรรค์ เขต 4),http://202.6.26.16/images/candidate/thumb/60/4/3ecc1264-d06f-4768-97f1-f1953866d503.jpg,เศรษฐกิจใหม่,zone,นครสวรรค์,4
กัญธนณัฐ ยี่สาคร,ส.ส. เขต (นครสวรรค์ เขต 5),http://202.6.26.16/images/candidate/thumb/60/5/ff354cbd-f558-4a09-8b7f-f38f9180fbfd.jpg,เศรษฐกิจใหม่,zone,นครสวรรค์,5
ดาวรุ่ง อ่ำพงษ์,ส.ส. เขต (นครสวรรค์ เขต 6),http://202.6.26.16/images/candidate/thumb/60/6/010f9674-0c71-4d79-b60c-501ccde65583.jpg,เศรษฐกิจใหม่,zone,นครสวรรค์,6
จะเด็ด โชยะสิทธิ์,ส.ส. เขต (นนทบุรี เขต 1),http://202.6.26.16/images/candidate/thumb/12/1/71762157-ed6c-447b-82ab-30a5f01f0854.jpg,เศรษฐกิจใหม่,zone,นนทบุรี,1
ภัชชกร เอมโอษฐ,ส.ส. เขต (นนทบุรี เขต 2),http://202.6.26.16/images/candidate/thumb/12/2/c95afa66-66c3-41c7-958d-3b78d5dd1f76.jpg,เศรษฐกิจใหม่,zone,นนทบุรี,2
จันทรัตน์ กุลทรัพย์เตชิต,ส.ส. เขต (นนทบุรี เขต 3),http://202.6.26.16/images/candidate/thumb/12/3/82a3d178-c829-4e24-b619-f6a406dc5d4c.jpg,เศรษฐกิจใหม่,zone,นนทบุรี,3
ศักราช เม่นทอง,ส.ส. เขต (นนทบุรี เขต 6),http://202.6.26.16/images/candidate/thumb/12/6/4d58c0c1-d001-48f6-894a-3f35bc625d06.jpg,เศรษฐกิจใหม่,zone,นนทบุรี,6
นิธิพล ศรีรมย์รื่น,ส.ส. เขต (ปทุมธานี เขต 1),http://202.6.26.16/images/candidate/thumb/13/1/bfa0ada1-b39e-43e3-bb5e-036b8de8485f.jpg,เศรษฐกิจใหม่,zone,ปทุมธานี,1
ศิลป์ชัย สุวรรณพันธ์,ส.ส. เขต (ปทุมธานี เขต 2),http://202.6.26.16/images/candidate/thumb/13/2/7311c316-3713-4f7f-926a-eea78a8c34e5.jpg,เศรษฐกิจใหม่,zone,ปทุมธานี,2
สมศักดิ์ ไวยบุรี,ส.ส. เขต (ปทุมธานี เขต 3),http://202.6.26.16/images/candidate/thumb/13/3/93c50d9f-b6c3-4f8f-b98c-c450fa05010c.jpg,เศรษฐกิจใหม่,zone,ปทุมธานี,3
สุรีย์ ชื่นสุขสันต์,ส.ส. เขต (ปทุมธานี เขต 4),http://202.6.26.16/images/candidate/thumb/13/4/0a60f965-5c93-4e6e-a1a4-8185e1ea195c.jpg,เศรษฐกิจใหม่,zone,ปทุมธานี,4
กนกโกมล อ่อนลำเนาว์,ส.ส. เขต (ปทุมธานี เขต 5),http://202.6.26.16/images/candidate/thumb/13/5/3c657b9b-b84f-4751-b340-741e25f3afad.jpg,เศรษฐกิจใหม่,zone,ปทุมธานี,5
สุกัญญา ยุซิ,ส.ส. เขต (ปทุมธานี เขต 6),http://202.6.26.16/images/candidate/thumb/13/6/034d8bb8-8d79-49a5-9c56-e633864b0f1f.jpg,เศรษฐกิจใหม่,zone,ปทุมธานี,6
บุญญามี วงค์ศรีดา,ส.ส. เขต (สกลนคร เขต 1),http://202.6.26.16/images/candidate/thumb/47/1/d3190655-c11f-4b10-a5de-edd195ae9d69.jpg,เศรษฐกิจใหม่,zone,สกลนคร,1
สมหมาย วงมะแสน,ส.ส. เขต (สกลนคร เขต 2),http://202.6.26.16/images/candidate/thumb/47/2/be0e1980-af4f-421a-83c1-bc9abeecdee7.jpg,เศรษฐกิจใหม่,zone,สกลนคร,2
เกศินี ศรีสำราญ,ส.ส. เขต (สกลนคร เขต 3),http://202.6.26.16/images/candidate/thumb/47/3/b48e2332-3dfc-4ecc-a470-d05b1d8d2af2.jpg,เศรษฐกิจใหม่,zone,สกลนคร,3
จารุวัฒน์ อัจฉริยชีวิน,ส.ส. เขต (สกลนคร เขต 4),http://202.6.26.16/images/candidate/thumb/47/4/aa342da8-4293-4545-a532-9982c0961ada.jpg,เศรษฐกิจใหม่,zone,สกลนคร,4
อุลัยพร ไตรวงค์ย้อย,ส.ส. เขต (สกลนคร เขต 5),http://202.6.26.16/images/candidate/thumb/47/5/d4f5a8dc-e646-4670-9485-580f367cf2b2.jpg,เศรษฐกิจใหม่,zone,สกลนคร,5
พิชิต บุญใหญ่,ส.ส. เขต (สกลนคร เขต 6),http://202.6.26.16/images/candidate/thumb/47/6/de5afb36-3eb4-4ee2-98d0-34032bc5d437.jpg,เศรษฐกิจใหม่,zone,สกลนคร,6
วรกัญญา แก้วอินทร์,ส.ส. เขต (สุราษฎร์ธานี เขต 1),http://202.6.26.16/images/candidate/thumb/84/1/284ed7d8-d7a9-402a-bdea-33c27e6f82d1.jpg,เศรษฐกิจใหม่,zone,สุราษฎร์ธานี,1
อมฤต วิภาคหัตถกิจ,ส.ส. เขต (สุราษฎร์ธานี เขต 2),http://202.6.26.16/images/candidate/thumb/84/2/9e44c9c6-7d27-4484-94fe-46b46076684c.jpg,เศรษฐกิจใหม่,zone,สุราษฎร์ธานี,2
จีรพัฒน์ พรหมช่วย,ส.ส. เขต (สุราษฎร์ธานี เขต 3),http://202.6.26.16/images/candidate/thumb/84/3/60198765-96d6-4275-9fe0-1117b03a13b7.jpg,เศรษฐกิจใหม่,zone,สุราษฎร์ธานี,3
ราษฎร์พิชิต นาคประดิษฐ์,ส.ส. เขต (สุราษฎร์ธานี เขต 4),http://202.6.26.16/images/candidate/thumb/84/4/850e58a8-ddf7-4b66-bf6e-b19fae9f4e3e.jpg,เศรษฐกิจใหม่,zone,สุราษฎร์ธานี,4
จักรพันธ์ จันทนานนท์,ส.ส. เขต (สุราษฎร์ธานี เขต 5),http://202.6.26.16/images/candidate/thumb/84/5/f221ef7c-2ae3-49d5-ada7-2c88207eb1fa.jpg,เศรษฐกิจใหม่,zone,สุราษฎร์ธานี,5
วีรยุทธ จันทรเวช,ส.ส. เขต (สุราษฎร์ธานี เขต 6),http://202.6.26.16/images/candidate/thumb/84/6/bd6200cb-e965-4e03-9ae7-bde18c87286d.jpg,เศรษฐกิจใหม่,zone,สุราษฎร์ธานี,6
ทอนเดช ปริญญาพัฒนบุตร,ส.ส. เขต (เชียงราย เขต 1),http://202.6.26.16/images/candidate/thumb/57/1/9931a69d-c2db-44a6-ad72-a25839303f84.jpg,เศรษฐกิจใหม่,zone,เชียงราย,1
ณรงค์ สายสุด,ส.ส. เขต (เชียงราย เขต 2),http://202.6.26.16/images/candidate/thumb/57/2/33a93cd7-dba5-4a7b-b318-72f68a30fe79.jpg,เศรษฐกิจใหม่,zone,เชียงราย,2
ศรสัณห์ จำปา,ส.ส. เขต (เชียงราย เขต 3),http://202.6.26.16/images/candidate/thumb/57/3/b98a3d42-2775-45d4-a018-82dc6eeb2f11.jpg,เศรษฐกิจใหม่,zone,เชียงราย,3
บุญเทียน เรือนคำ,ส.ส. เขต (เชียงราย เขต 4),http://202.6.26.16/images/candidate/thumb/57/4/e4262e59-112a-4329-be85-88504dce3fd5.jpg,เศรษฐกิจใหม่,zone,เชียงราย,4
ทนาวุฒิ ปริญญาพัฒนบุตร,ส.ส. เขต (เชียงราย เขต 5),http://202.6.26.16/images/candidate/thumb/57/5/0c7a02de-dcf5-4561-8467-ffd27e6b7770.jpg,เศรษฐกิจใหม่,zone,เชียงราย,5
พัชรดา ศิริมา,ส.ส. เขต (เชียงราย เขต 6),http://202.6.26.16/images/candidate/thumb/57/6/c60fcf77-609b-41b3-8d75-d76b68a29804.jpg,เศรษฐกิจใหม่,zone,เชียงราย,6
สุภาการ ภัทรพลสุขฤดี,ส.ส. เขต (เชียงราย เขต 7),http://202.6.26.16/images/candidate/thumb/57/7/031994f3-e4a1-418f-ae0f-56ec828f7b55.jpg,เศรษฐกิจใหม่,zone,เชียงราย,7
สายันต์ อินสอน,ส.ส. เขต (ร้อยเอ็ด เขต 1),http://202.6.26.16/images/candidate/thumb/45/1/e589e5c8-a2b1-4e82-b956-60121a79183c.jpg,เศรษฐกิจใหม่,zone,ร้อยเอ็ด,1
โกศล เวียงอินทร์,ส.ส. เขต (ร้อยเอ็ด เขต 2),http://202.6.26.16/images/candidate/thumb/45/2/602a8f3f-7efc-43fb-9b0f-04f98ef446a1.jpg,เศรษฐกิจใหม่,zone,ร้อยเอ็ด,2
ปุณณ์ปวีร์ เขตวิจารย์,ส.ส. เขต (ร้อยเอ็ด เขต 3),http://202.6.26.16/images/candidate/thumb/45/3/c6ad5752-9d83-4bf9-8c58-bae486d8bf6d.jpg,เศรษฐกิจใหม่,zone,ร้อยเอ็ด,3
ศุภเดช ไพสาระ,ส.ส. เขต (ร้อยเอ็ด เขต 4),http://202.6.26.16/images/candidate/thumb/45/4/7ccf5984-ca1a-409d-8394-dafff844b81a.jpg,เศรษฐกิจใหม่,zone,ร้อยเอ็ด,4
ทวีวัชรวงศ์ นาเมืองรักษ์,ส.ส. เขต (ร้อยเอ็ด เขต 5),http://202.6.26.16/images/candidate/thumb/45/5/07313e3c-918a-4c1e-b2b9-2bcc0bff7112.jpg,เศรษฐกิจใหม่,zone,ร้อยเอ็ด,5
คมกฤษ สุภักดี,ส.ส. เขต (ร้อยเอ็ด เขต 6),http://202.6.26.16/images/candidate/thumb/45/6/e0c92ec8-dc62-4941-b226-b12385cf9420.jpg,เศรษฐกิจใหม่,zone,ร้อยเอ็ด,6
จตุรพล อินสอน,ส.ส. เขต (ร้อยเอ็ด เขต 7),http://202.6.26.16/images/candidate/thumb/45/7/d44ea433-9a4e-4751-94ef-6d341047da74.jpg,เศรษฐกิจใหม่,zone,ร้อยเอ็ด,7
ชัยณรงค์ เดียวเขตวิตร์,ส.ส. เขต (สมุทรปราการ เขต 1),http://202.6.26.16/images/candidate/thumb/11/1/f4bf09f4-6516-4864-a2b0-442a74e4c9d9.jpg,เศรษฐกิจใหม่,zone,สมุทรปราการ,1
อนุสรณ์ เกษรกุล,ส.ส. เขต (สมุทรปราการ เขต 2),http://202.6.26.16/images/candidate/thumb/11/2/6bfb3ac1-e657-4273-b464-b66d1df0c8ce.jpg,เศรษฐกิจใหม่,zone,สมุทรปราการ,2
วิเศษ พิมพา,ส.ส. เขต (สมุทรปราการ เขต 3),http://202.6.26.16/images/candidate/thumb/11/3/fc7a3b2b-6ce9-4a90-a51e-e8a4ad19f9c0.jpg,เศรษฐกิจใหม่,zone,สมุทรปราการ,3
สุธิดา การะเกตุ,ส.ส. เขต (สมุทรปราการ เขต 4),http://202.6.26.16/images/candidate/thumb/11/4/34796fa5-395f-4f90-8f76-3e2eaf2a5e10.jpg,เศรษฐกิจใหม่,zone,สมุทรปราการ,4
บุญทัน เรืองสมบัติ,ส.ส. เขต (สมุทรปราการ เขต 5),http://202.6.26.16/images/candidate/thumb/11/5/b6b67e0e-b08e-4f4a-9c86-0eea43e5aca5.jpg,เศรษฐกิจใหม่,zone,สมุทรปราการ,5
อาคม สิงห์ทอง,ส.ส. เขต (สมุทรปราการ เขต 7),http://202.6.26.16/images/candidate/thumb/11/7/4bb7e35a-3f86-4715-b474-9a357c207142.jpg,เศรษฐกิจใหม่,zone,สมุทรปราการ,7
สุพร วัฒนาเอี่ยวสกุล,ส.ส. เขต (สุรินทร์ เขต 1),http://202.6.26.16/images/candidate/thumb/32/1/89f739af-7682-42ca-9223-dfc4727cf828.jpg,เศรษฐกิจใหม่,zone,สุรินทร์,1
ชัยวิทย์ โกรธกล้า,ส.ส. เขต (สุรินทร์ เขต 2),http://202.6.26.16/images/candidate/thumb/32/2/eaa61b3a-b2df-494b-b8fa-c219fd67aa03.jpg,เศรษฐกิจใหม่,zone,สุรินทร์,2
บุญถึง แพงแก้ว,ส.ส. เขต (สุรินทร์ เขต 3),http://202.6.26.16/images/candidate/thumb/32/3/758f405d-ab4f-4d56-936d-27cd84642173.jpg,เศรษฐกิจใหม่,zone,สุรินทร์,3
ธนาชัย ธนาหิรัญบุตร,ส.ส. เขต (สุรินทร์ เขต 4),http://202.6.26.16/images/candidate/thumb/32/4/4e20c223-d8ad-4f66-ae8b-f492241a5ebe.jpg,เศรษฐกิจใหม่,zone,สุรินทร์,4
ประยงค์ สร้อยศรีหา,ส.ส. เขต (สุรินทร์ เขต 5),http://202.6.26.16/images/candidate/thumb/32/5/1714a9e9-70ae-4655-8128-53af1193ce36.jpg,เศรษฐกิจใหม่,zone,สุรินทร์,5
สุกฤษ สร้อยศรีหา,ส.ส. เขต (สุรินทร์ เขต 6),http://202.6.26.16/images/candidate/thumb/32/6/40a3dba4-9d5f-4571-9919-f42d3b0c0603.jpg,เศรษฐกิจใหม่,zone,สุรินทร์,6
อดิศักดิ์ ตรองจิตต์,ส.ส. เขต (สุรินทร์ เขต 7),http://202.6.26.16/images/candidate/thumb/32/7/9153a804-a6b4-4994-b4ba-85cabb10a992.jpg,เศรษฐกิจใหม่,zone,สุรินทร์,7
เชวงศักดิ์ เอี่ยมสำอางค์,ส.ส. เขต (ชลบุรี เขต 1),http://202.6.26.16/images/candidate/thumb/20/1/78f73ffe-beee-49b0-b321-9607adfa3e71.jpg,เศรษฐกิจใหม่,zone,ชลบุรี,1
ทิพย์วรรณ มูลศาสตร์,ส.ส. เขต (ชลบุรี เขต 2),http://202.6.26.16/images/candidate/thumb/20/2/a149f18f-1eae-48be-88a9-87313b34c439.jpg,เศรษฐกิจใหม่,zone,ชลบุรี,2
ภัสพร บูรณะวงศ์,ส.ส. เขต (ชลบุรี เขต 3),http://202.6.26.16/images/candidate/thumb/20/3/6abeba4d-1231-4b1b-8b75-6a547474be00.jpg,เศรษฐกิจใหม่,zone,ชลบุรี,3
คำนึง ศรีพุ่ม,ส.ส. เขต (ชลบุรี เขต 4),http://202.6.26.16/images/candidate/thumb/20/4/577c0bc4-dbb5-4d0a-a1a0-f537a512d344.jpg,เศรษฐกิจใหม่,zone,ชลบุรี,4
ชัญญาพรรณ ศรีสุขจิรานนท์,ส.ส. เขต (ชลบุรี เขต 5),http://202.6.26.16/images/candidate/thumb/20/5/deffd4d1-f6ef-4777-addc-500329feb25e.jpg,เศรษฐกิจใหม่,zone,ชลบุรี,5
สุเมธ สุเมธกุล,ส.ส. เขต (ชลบุรี เขต 6),http://202.6.26.16/images/candidate/thumb/20/6/129d9771-873f-4787-bf8c-0271759a14fd.jpg,เศรษฐกิจใหม่,zone,ชลบุรี,6
สุธาทิพย์ มนต์ประสิทธิ์,ส.ส. เขต (ชลบุรี เขต 7),http://202.6.26.16/images/candidate/thumb/20/7/47961c18-eb22-428a-8d84-957502d43162.jpg,เศรษฐกิจใหม่,zone,ชลบุรี,7
ปารย์รวี ศรีโสม,ส.ส. เขต (ชลบุรี เขต 8),http://202.6.26.16/images/candidate/thumb/20/8/4bf91c93-dd8f-46e4-b1f5-27db25748880.jpg,เศรษฐกิจใหม่,zone,ชลบุรี,8
กฤษฎา เดชสุวรรณรัศมี,ส.ส. เขต (นครศรีธรรมราช เขต 1),http://202.6.26.16/images/candidate/thumb/80/1/566a1bbe-b28e-4d94-b11a-204e7e41c1a3.jpg,เศรษฐกิจใหม่,zone,นครศรีธรรมราช,1
สมมาตร สนทมิโน,ส.ส. เขต (นครศรีธรรมราช เขต 2),http://202.6.26.16/images/candidate/thumb/80/2/8b41fdb3-4012-46c1-8203-3d51acf24f56.jpg,เศรษฐกิจใหม่,zone,นครศรีธรรมราช,2
ธดา ชูจันทร์,ส.ส. เขต (นครศรีธรรมราช เขต 3),http://202.6.26.16/images/candidate/thumb/80/3/06c145e1-8e77-4c90-82d4-de4b00039b09.jpg,เศรษฐกิจใหม่,zone,นครศรีธรรมราช,3
ทิพย์ลาภ ชูแสง,ส.ส. เขต (นครศรีธรรมราช เขต 4),http://202.6.26.16/images/candidate/thumb/80/4/e725b99e-e086-46d2-8bb9-7ec5a952af79.jpg,เศรษฐกิจใหม่,zone,นครศรีธรรมราช,4
จรุงศักดิ์ จิตต์ดี,ส.ส. เขต (นครศรีธรรมราช เขต 5),http://202.6.26.16/images/candidate/thumb/80/5/40486faf-78aa-4614-93ec-94cd89d2377a.jpg,เศรษฐกิจใหม่,zone,นครศรีธรรมราช,5
ปิยะณรงค์ หนูด้วง,ส.ส. เขต (นครศรีธรรมราช เขต 6),http://202.6.26.16/images/candidate/thumb/80/6/6d089a69-8756-4906-b699-746b7976549d.jpg,เศรษฐกิจใหม่,zone,นครศรีธรรมราช,6
รดาภัค จันทร์พิมล,ส.ส. เขต (นครศรีธรรมราช เขต 7),http://202.6.26.16/images/candidate/thumb/80/7/e46007c4-28db-412e-abe6-8330a9b04130.jpg,เศรษฐกิจใหม่,zone,นครศรีธรรมราช,7
วาสนา ระวังวงศ์,ส.ส. เขต (นครศรีธรรมราช เขต 8),http://202.6.26.16/images/candidate/thumb/80/8/ab8f40f5-b41a-4a8c-9f7f-a34fcbc37764.jpg,เศรษฐกิจใหม่,zone,นครศรีธรรมราช,8
วัน วาสรส,ส.ส. เขต (บุรีรัมย์ เขต 1),http://202.6.26.16/images/candidate/thumb/31/1/673b4a7d-22fd-480f-9415-14c95b8c2e2d.jpg,เศรษฐกิจใหม่,zone,บุรีรัมย์,1
ปรีชา ปักเสติ,ส.ส. เขต (บุรีรัมย์ เขต 2),http://202.6.26.16/images/candidate/thumb/31/2/f56fc7c3-9587-4ead-a425-ec62ebdb81ba.jpg,เศรษฐกิจใหม่,zone,บุรีรัมย์,2
ประกาย ศรีวงค์,ส.ส. เขต (บุรีรัมย์ เขต 3),http://202.6.26.16/images/candidate/thumb/31/3/7e610fd9-7926-44c3-8fc3-447c63025d0c.jpg,เศรษฐกิจใหม่,zone,บุรีรัมย์,3
ศิริยาณี ปักเสติ,ส.ส. เขต (บุรีรัมย์ เขต 4),http://202.6.26.16/images/candidate/thumb/31/4/890f9ace-5e80-4efa-aa67-e46113bb6023.jpg,เศรษฐกิจใหม่,zone,บุรีรัมย์,4
มหาบุญชู เจียวรัมย์,ส.ส. เขต (บุรีรัมย์ เขต 5),http://202.6.26.16/images/candidate/thumb/31/5/bba981db-8a79-4639-9d37-ed5908f98c4c.jpg,เศรษฐกิจใหม่,zone,บุรีรัมย์,5
ธนบูลย์ สายทะเล,ส.ส. เขต (บุรีรัมย์ เขต 6),http://202.6.26.16/images/candidate/thumb/31/6/5a6ef717-f471-4231-9d63-afdc47fff61a.jpg,เศรษฐกิจใหม่,zone,บุรีรัมย์,6
ประจน โสภาชัย,ส.ส. เขต (บุรีรัมย์ เขต 7),http://202.6.26.16/images/candidate/thumb/31/7/f8b1a435-4c9c-406c-9ed8-9d8f7834ca53.jpg,เศรษฐกิจใหม่,zone,บุรีรัมย์,7
ลุน เมืองจันทร์,ส.ส. เขต (บุรีรัมย์ เขต 8),http://202.6.26.16/images/candidate/thumb/31/8/5ed85e98-6240-453b-9f14-211597262d59.jpg,เศรษฐกิจใหม่,zone,บุรีรัมย์,8
สมาน อินทร์คำ,ส.ส. เขต (ศรีสะเกษ เขต 1),http://202.6.26.16/images/candidate/thumb/33/1/d8929791-54ae-4f1c-bb77-0607f9e5b492.jpg,เศรษฐกิจใหม่,zone,ศรีสะเกษ,1
ทองอนันต์ เกษแก้ว,ส.ส. เขต (ศรีสะเกษ เขต 2),http://202.6.26.16/images/candidate/thumb/33/2/15db5ff5-3742-445a-8a7f-46be176abd66.jpg,เศรษฐกิจใหม่,zone,ศรีสะเกษ,2
วัฒนา ถาวร,ส.ส. เขต (ศรีสะเกษ เขต 3),http://202.6.26.16/images/candidate/thumb/33/3/fd0eca3b-b557-4e0a-8a2c-50c3135a8e47.jpg,เศรษฐกิจใหม่,zone,ศรีสะเกษ,3
คำหม่อน สายสุพรรณฐากุล,ส.ส. เขต (ศรีสะเกษ เขต 4),http://202.6.26.16/images/candidate/thumb/33/4/a6f716fc-a0cb-4139-ba79-221f6ce40b76.jpg,เศรษฐกิจใหม่,zone,ศรีสะเกษ,4
เกศินี นันทสิงห์,ส.ส. เขต (ศรีสะเกษ เขต 5),http://202.6.26.16/images/candidate/thumb/33/5/47bc5c1a-58cc-4255-98f0-746ace39ac92.jpg,เศรษฐกิจใหม่,zone,ศรีสะเกษ,5
สนิท งอมสงัด,ส.ส. เขต (ศรีสะเกษ เขต 6),http://202.6.26.16/images/candidate/thumb/33/6/0cbc8b7f-31f7-4001-93b2-b81120398dc5.jpg,เศรษฐกิจใหม่,zone,ศรีสะเกษ,6
สมเกียรติ บัวเกษ,ส.ส. เขต (ศรีสะเกษ เขต 7),http://202.6.26.16/images/candidate/thumb/33/7/a036c735-1397-410d-9562-3b9aee737aaa.jpg,เศรษฐกิจใหม่,zone,ศรีสะเกษ,7
อุทัย ทรงงาม,ส.ส. เขต (ศรีสะเกษ เขต 8),http://202.6.26.16/images/candidate/thumb/33/8/683585cf-6a01-4256-b443-904044c9deef.jpg,เศรษฐกิจใหม่,zone,ศรีสะเกษ,8
ปฐม บูรณะ,ส.ส. เขต (สงขลา เขต 1),http://202.6.26.16/images/candidate/thumb/90/1/98248b50-9c21-411f-9514-f6a25d72b059.jpg,เศรษฐกิจใหม่,zone,สงขลา,1
ประสินธุ์ เทพรินทร์,ส.ส. เขต (สงขลา เขต 2),http://202.6.26.16/images/candidate/thumb/90/2/14f35658-e654-40bc-97dc-e30dd2faa67c.jpg,เศรษฐกิจใหม่,zone,สงขลา,2
พูลเดช อุเทนพันธ์,ส.ส. เขต (สงขลา เขต 3),http://202.6.26.16/images/candidate/thumb/90/3/cd56d7f8-f095-4cd0-bb0b-fa29ccf60789.jpg,เศรษฐกิจใหม่,zone,สงขลา,3
วิศิษฏ์ ธรรมโม,ส.ส. เขต (สงขลา เขต 4),http://202.6.26.16/images/candidate/thumb/90/4/9e1735b2-1065-47b2-8c64-de3bcd52b109.jpg,เศรษฐกิจใหม่,zone,สงขลา,4
ศิวกร วะคีมัน,ส.ส. เขต (สงขลา เขต 5),http://202.6.26.16/images/candidate/thumb/90/5/7fa1acfa-d7cd-42d1-b21d-0c88474c2d7e.jpg,เศรษฐกิจใหม่,zone,สงขลา,5
ประสิทธิ์ ทองไสย,ส.ส. เขต (สงขลา เขต 6),http://202.6.26.16/images/candidate/thumb/90/6/29959999-0180-48e3-ab5f-e99557c6ec97.jpg,เศรษฐกิจใหม่,zone,สงขลา,6
อดิศักดิ์ สาหลำ,ส.ส. เขต (สงขลา เขต 7),http://202.6.26.16/images/candidate/thumb/90/7/72fb39a2-84e3-4a1f-b4f8-cad047c8d22d.jpg,เศรษฐกิจใหม่,zone,สงขลา,7
อนุสรณ์ เล๊าะเหม,ส.ส. เขต (สงขลา เขต 8),http://202.6.26.16/images/candidate/thumb/90/8/37d79f6a-4940-43ee-a195-e4b1b526f0ac.jpg,เศรษฐกิจใหม่,zone,สงขลา,8
อังกฤษฎา  ราวินิช,ส.ส. เขต (อุดรธานี เขต 1),http://202.6.26.16/images/candidate/thumb/41/1/96d089cb-ecd2-4682-90d5-fb6d4e25f083.jpg,เศรษฐกิจใหม่,zone,อุดรธานี,1
ทนง บุษราคัม,ส.ส. เขต (อุดรธานี เขต 2),http://202.6.26.16/images/candidate/thumb/41/2/044a1920-a843-4970-90b4-6154262c0182.jpg,เศรษฐกิจใหม่,zone,อุดรธานี,2
นิรันดร์ ด้านซอม,ส.ส. เขต (อุดรธานี เขต 3),http://202.6.26.16/images/candidate/thumb/41/3/c744f4e3-54a6-439a-b1dd-34f7fea5c7e6.jpg,เศรษฐกิจใหม่,zone,อุดรธานี,3
คำปลาย คำแพงราช,ส.ส. เขต (อุดรธานี เขต 4),http://202.6.26.16/images/candidate/thumb/41/4/1ae384c7-434a-4a98-92a2-084457e85107.jpg,เศรษฐกิจใหม่,zone,อุดรธานี,4
สุริยันต์ ทองสมบัติ,ส.ส. เขต (อุดรธานี เขต 5),http://202.6.26.16/images/candidate/thumb/41/5/99238eb7-54ab-4b11-a95e-80732726511a.jpg,เศรษฐกิจใหม่,zone,อุดรธานี,5
ณัฐภณ ทาปุ๋ย,ส.ส. เขต (อุดรธานี เขต 6),http://202.6.26.16/images/candidate/thumb/41/6/acfd4adb-3584-4a03-8a99-4f395753984d.jpg,เศรษฐกิจใหม่,zone,อุดรธานี,6
พงศกร กงพาน,ส.ส. เขต (อุดรธานี เขต 7),http://202.6.26.16/images/candidate/thumb/41/7/3456b876-5e5d-4787-a120-a3a4dea65d90.jpg,เศรษฐกิจใหม่,zone,อุดรธานี,7
เสวี่ยง วงษ์จิต,ส.ส. เขต (อุดรธานี เขต 8),http://202.6.26.16/images/candidate/thumb/41/8/a5bc3100-77d6-465e-b4e6-01ed6633929c.jpg,เศรษฐกิจใหม่,zone,อุดรธานี,8
บัณฑิต เดชฤาษี,ส.ส. เขต (เชียงใหม่ เขต 1),http://202.6.26.16/images/candidate/thumb/50/1/02681265-c80f-4057-8984-6763f9dcaee3.jpg,เศรษฐกิจใหม่,zone,เชียงใหม่,1
อำพร สายรัตน์,ส.ส. เขต (เชียงใหม่ เขต 2),http://202.6.26.16/images/candidate/thumb/50/2/be6c8855-66ca-4b51-a928-c6d374382a95.jpg,เศรษฐกิจใหม่,zone,เชียงใหม่,2
นิติพัฒน์ สายรัตน์,ส.ส. เขต (เชียงใหม่ เขต 3),http://202.6.26.16/images/candidate/thumb/50/3/4405dace-223e-472a-9c43-dc51122c22df.jpg,เศรษฐกิจใหม่,zone,เชียงใหม่,3
นัณธพงศ์ อุตมะ,ส.ส. เขต (เชียงใหม่ เขต 4),http://202.6.26.16/images/candidate/thumb/50/4/afba6d4e-d50f-4ca6-97a0-dcdc99ca69c5.jpg,เศรษฐกิจใหม่,zone,เชียงใหม่,4
วรเชษฐ์ บัวสุข,ส.ส. เขต (เชียงใหม่ เขต 5),http://202.6.26.16/images/candidate/thumb/50/5/f3ab516d-f792-430f-9756-a2199cbe5c58.jpg,เศรษฐกิจใหม่,zone,เชียงใหม่,5
เกรียงไกร งามคาย,ส.ส. เขต (เชียงใหม่ เขต 6),http://202.6.26.16/images/candidate/thumb/50/6/4d470389-85c2-4c85-a2ac-bc225d356836.jpg,เศรษฐกิจใหม่,zone,เชียงใหม่,6
พีรศุษม์ มณีวรรณ,ส.ส. เขต (เชียงใหม่ เขต 7),http://202.6.26.16/images/candidate/thumb/50/7/939be59d-6083-454f-beda-a8c5fb29cd2f.jpg,เศรษฐกิจใหม่,zone,เชียงใหม่,7
ธนพัฒน์ ปฎิกา,ส.ส. เขต (เชียงใหม่ เขต 8),http://202.6.26.16/images/candidate/thumb/50/8/feb7ad17-8b75-4ae4-a2ec-5c4e30368a79.jpg,เศรษฐกิจใหม่,zone,เชียงใหม่,8
เกตุวิโรจน์ สุต๋าคำหิรัณย์,ส.ส. เขต (เชียงใหม่ เขต 9),http://202.6.26.16/images/candidate/thumb/50/9/a66faf4b-1279-454e-83da-e10a760ca611.jpg,เศรษฐกิจใหม่,zone,เชียงใหม่,9
สวาท ฮาดภักดี,ส.ส. เขต (ขอนแก่น เขต 1),http://202.6.26.16/images/candidate/thumb/40/1/c4ded1b5-92ed-4b52-8a07-3d707c9bc29f.jpg,เศรษฐกิจใหม่,zone,ขอนแก่น,1
ลานบุญ สีลา,ส.ส. เขต (ขอนแก่น เขต 2),http://202.6.26.16/images/candidate/thumb/40/2/386fe250-977a-4ed3-b59a-3e01ab0057f6.jpg,เศรษฐกิจใหม่,zone,ขอนแก่น,2
นันท์มนัส สีโยธา,ส.ส. เขต (ขอนแก่น เขต 3),http://202.6.26.16/images/candidate/thumb/40/3/ffa6fd73-c345-461b-b810-b28dbfa4d79e.jpg,เศรษฐกิจใหม่,zone,ขอนแก่น,3
วัน สุวรรณพงษ์,ส.ส. เขต (ขอนแก่น เขต 4),http://202.6.26.16/images/candidate/thumb/40/4/fb75514f-2404-4481-9c84-541969aeaa29.jpg,เศรษฐกิจใหม่,zone,ขอนแก่น,4
ชัยรัตน์ มาสอน,ส.ส. เขต (ขอนแก่น เขต 5),http://202.6.26.16/images/candidate/thumb/40/5/e1300462-50aa-47b6-b07d-014d84f10436.jpg,เศรษฐกิจใหม่,zone,ขอนแก่น,5
กัญญ์ณพัชญ์ ศรีจันทร์ดี,ส.ส. เขต (ขอนแก่น เขต 6),http://202.6.26.16/images/candidate/thumb/40/6/f90528a2-53b2-4521-8334-71a079d91731.jpg,เศรษฐกิจใหม่,zone,ขอนแก่น,6
ภาวัต เนาว์โสภา,ส.ส. เขต (ขอนแก่น เขต 7),http://202.6.26.16/images/candidate/thumb/40/7/25609ce2-b51c-4a6c-8a93-4c58dd5d0eeb.jpg,เศรษฐกิจใหม่,zone,ขอนแก่น,7
วีระ ศรีล้อม,ส.ส. เขต (ขอนแก่น เขต 8),http://202.6.26.16/images/candidate/thumb/40/8/95489e11-d8d8-44c8-9f9b-93b8c469fca9.jpg,เศรษฐกิจใหม่,zone,ขอนแก่น,8
จรรณฐพร ประจันตะเสน,ส.ส. เขต (ขอนแก่น เขต 9),http://202.6.26.16/images/candidate/thumb/40/9/109c33c8-9d26-4d6d-8cb0-265bb86f369f.jpg,เศรษฐกิจใหม่,zone,ขอนแก่น,9
พูนทรัพย์ บุญทอง,ส.ส. เขต (ขอนแก่น เขต 10),http://202.6.26.16/images/candidate/thumb/40/10/bc52b9a3-41c8-4cee-9f4c-d6bd00794ab7.jpg,เศรษฐกิจใหม่,zone,ขอนแก่น,10
เพชรรัตณ์ หันพรหมมา,ส.ส. เขต (อุบลราชธานี เขต 1),http://202.6.26.16/images/candidate/thumb/34/1/a0180aa1-45a0-4496-aebb-7650b8fbd13b.jpg,เศรษฐกิจใหม่,zone,อุบลราชธานี,1
ชูศักดิ์ ทวีศรี,ส.ส. เขต (อุบลราชธานี เขต 2),http://202.6.26.16/images/candidate/thumb/34/2/bcdd06a7-13af-4b30-b0bb-10186c44ba81.jpg,เศรษฐกิจใหม่,zone,อุบลราชธานี,2
สวัสดิ์ ก้อนทองดี,ส.ส. เขต (อุบลราชธานี เขต 3),http://202.6.26.16/images/candidate/thumb/34/3/b31a1157-7e7e-4a95-8c99-21c9d8fa18b5.jpg,เศรษฐกิจใหม่,zone,อุบลราชธานี,3
ยุทธพงษ์ นามจำปา,ส.ส. เขต (อุบลราชธานี เขต 4),http://202.6.26.16/images/candidate/thumb/34/4/221d2d5e-8fd9-4ca8-b5bc-832b6203a5ff.jpg,เศรษฐกิจใหม่,zone,อุบลราชธานี,4
ประยงค์ บุญรอด,ส.ส. เขต (อุบลราชธานี เขต 5),http://202.6.26.16/images/candidate/thumb/34/5/5b816531-0690-42e6-aabd-65e2422978d9.jpg,เศรษฐกิจใหม่,zone,อุบลราชธานี,5
นคร พลศักดิ์,ส.ส. เขต (อุบลราชธานี เขต 6),http://202.6.26.16/images/candidate/thumb/34/6/2afd1497-371d-4995-848c-a3d2ec04e75b.jpg,เศรษฐกิจใหม่,zone,อุบลราชธานี,6
หวานใจ เอี่ยมศรี,ส.ส. เขต (อุบลราชธานี เขต 7),http://202.6.26.16/images/candidate/thumb/34/7/4e4b7fe9-1c12-42a5-a88d-f116546445fe.jpg,เศรษฐกิจใหม่,zone,อุบลราชธานี,7
ทองพูล มอบหมาย,ส.ส. เขต (อุบลราชธานี เขต 8),http://202.6.26.16/images/candidate/thumb/34/8/8f6f052b-3a70-4256-a0c2-0094dfa73acb.jpg,เศรษฐกิจใหม่,zone,อุบลราชธานี,8
จันทร์เทียน ลายประจักษ์,ส.ส. เขต (อุบลราชธานี เขต 9),http://202.6.26.16/images/candidate/thumb/34/9/5c74386e-e1ad-4da8-af22-cbaf8e604ac7.jpg,เศรษฐกิจใหม่,zone,อุบลราชธานี,9
อำนาจ แสงทอง,ส.ส. เขต (อุบลราชธานี เขต 10),http://202.6.26.16/images/candidate/thumb/34/10/99b13b13-8c7e-49f2-a312-44847f2621b2.jpg,เศรษฐกิจใหม่,zone,อุบลราชธานี,10
อมร แก้วสุข,ส.ส. เขต (นครราชสีมา เขต 1),http://202.6.26.16/images/candidate/thumb/30/1/f4649269-2f3a-4946-87ea-1946018ec414.jpg,เศรษฐกิจใหม่,zone,นครราชสีมา,1
จามร คงกระพันธ์,ส.ส. เขต (นครราชสีมา เขต 2),http://202.6.26.16/images/candidate/thumb/30/2/0046add3-ff38-40da-8d5c-6d8405c022f6.jpg,เศรษฐกิจใหม่,zone,นครราชสีมา,2
ทวีรัช จันทน์เดชา,ส.ส. เขต (นครราชสีมา เขต 3),http://202.6.26.16/images/candidate/thumb/30/3/9222d954-cb53-41eb-ad5c-058746937b00.jpg,เศรษฐกิจใหม่,zone,นครราชสีมา,3
แดง นกพรมพะเนา,ส.ส. เขต (นครราชสีมา เขต 4),http://202.6.26.16/images/candidate/thumb/30/4/139e1d25-e1ee-4b61-b299-3632fe7cbba8.jpg,เศรษฐกิจใหม่,zone,นครราชสีมา,4
ปรีชา เกษนอก,ส.ส. เขต (นครราชสีมา เขต 5),http://202.6.26.16/images/candidate/thumb/30/5/3df9ea25-61b9-4714-8a6d-a924d9e21c27.jpg,เศรษฐกิจใหม่,zone,นครราชสีมา,5
สมศรี คำคูณ,ส.ส. เขต (นครราชสีมา เขต 6),http://202.6.26.16/images/candidate/thumb/30/6/384fc2cd-f740-4884-80f0-5adb38914d2c.jpg,เศรษฐกิจใหม่,zone,นครราชสีมา,6
จันทิภากานต์ คงกระพันธ์,ส.ส. เขต (นครราชสีมา เขต 7),http://202.6.26.16/images/candidate/thumb/30/7/3e4daff4-21a1-47cc-b936-88c05a1f2bb1.jpg,เศรษฐกิจใหม่,zone,นครราชสีมา,7
ธนยศ โปร่งกระโทก,ส.ส. เขต (นครราชสีมา เขต 9),http://202.6.26.16/images/candidate/thumb/30/9/2a756971-6512-4e2f-a340-bc2c3a5c69d5.jpg,เศรษฐกิจใหม่,zone,นครราชสีมา,9
ดุสิต พันธุ์ดี,ส.ส. เขต (นครราชสีมา เขต 10),http://202.6.26.16/images/candidate/thumb/30/10/f7f67d9d-96a3-42bc-933a-d942b492609e.jpg,เศรษฐกิจใหม่,zone,นครราชสีมา,10
ภูวิท พิมพ์ทญากร,ส.ส. เขต (นครราชสีมา เขต 11),http://202.6.26.16/images/candidate/thumb/30/11/5e059c49-6bb2-48f8-a05a-00f2bdea5743.jpg,เศรษฐกิจใหม่,zone,นครราชสีมา,11
สหพล ภูพรหมเจริญ,ส.ส. เขต (นครราชสีมา เขต 12),http://202.6.26.16/images/candidate/thumb/30/12/61175d0d-6682-4f2d-a45b-b080b1887612.jpg,เศรษฐกิจใหม่,zone,นครราชสีมา,12
จำลอง บุญเอก,ส.ส. เขต (นครราชสีมา เขต 13),http://202.6.26.16/images/candidate/thumb/30/13/85ad1fb3-f40d-49c8-b137-fc74a5a23883.jpg,เศรษฐกิจใหม่,zone,นครราชสีมา,13
สุพจน์ คุณอุดม,ส.ส. เขต (นครราชสีมา เขต 14),http://202.6.26.16/images/candidate/thumb/30/14/d6e7b237-6d3d-4ace-b3f0-bbfede1db995.jpg,เศรษฐกิจใหม่,zone,นครราชสีมา,14
มงคล เสมอภาพ,ส.ส. เขต (กรุงเทพมหานคร เขต 1),http://202.6.26.16/images/candidate/thumb/10/1/357c2185-68a4-49da-9644-1299867f11ab.jpg,เศรษฐกิจใหม่,zone,กรุงเทพมหานคร,1
ชัยวัฒน์ ชื่นสุขสันต์,ส.ส. เขต (กรุงเทพมหานคร เขต 2),http://202.6.26.16/images/candidate/thumb/10/2/b326f01b-f76c-46f1-b4b4-5ca334d37736.jpg,เศรษฐกิจใหม่,zone,กรุงเทพมหานคร,2
วิทยา ตั้งสุวรรณวงศ์,ส.ส. เขต (กรุงเทพมหานคร เขต 3),http://202.6.26.16/images/candidate/thumb/10/3/65f853e8-dc60-4fd9-8247-1c828b2ee733.jpg,เศรษฐกิจใหม่,zone,กรุงเทพมหานคร,3
ธนภณ ธัญธนสกุล,ส.ส. เขต (กรุงเทพมหานคร เขต 4),http://202.6.26.16/images/candidate/thumb/10/4/6006efac-3189-482a-97ff-7466a9d709da.jpg,เศรษฐกิจใหม่,zone,กรุงเทพมหานคร,4
ปฎิวัติ ตรองจิตต์,ส.ส. เขต (กรุงเทพมหานคร เขต 5),http://202.6.26.16/images/candidate/thumb/10/5/f8b9191c-c02c-4004-bc22-a6e6167b1be9.jpg,เศรษฐกิจใหม่,zone,กรุงเทพมหานคร,5
สุมณฑา อ่อนนุ่ม,ส.ส. เขต (กรุงเทพมหานคร เขต 6),http://202.6.26.16/images/candidate/thumb/10/6/20eeb23f-a907-4e21-85f0-4dbd53e95469.jpg,เศรษฐกิจใหม่,zone,กรุงเทพมหานคร,6
ณัทพสิษฐ์ ประสานวงศ์,ส.ส. เขต (กรุงเทพมหานคร เขต 7),http://202.6.26.16/images/candidate/thumb/10/7/b3153e70-475f-49ce-b7bf-1cbf0787aaa1.jpg,เศรษฐกิจใหม่,zone,กรุงเทพมหานคร,7
สุมาลี อินทะสุข,ส.ส. เขต (กรุงเทพมหานคร เขต 8),http://202.6.26.16/images/candidate/thumb/10/8/35559524-fa6b-4723-9d85-f8f30fd138df.jpg,เศรษฐกิจใหม่,zone,กรุงเทพมหานคร,8
ศักดิภัทร์ สวามิวัสดุ์,ส.ส. เขต (กรุงเทพมหานคร เขต 9),http://202.6.26.16/images/candidate/thumb/10/9/f9469b84-a8f0-4878-bb00-ea3c240a586b.jpg,เศรษฐกิจใหม่,zone,กรุงเทพมหานคร,9
ปภาวรินท์ กลิ่นฟุ้ง,ส.ส. เขต (กรุงเทพมหานคร เขต 10),http://202.6.26.16/images/candidate/thumb/10/10/2ff9a233-a177-40b5-8d5c-2dab71e34b99.jpg,เศรษฐกิจใหม่,zone,กรุงเทพมหานคร,10
สมชาย ยนวิลาศ,ส.ส. เขต (กรุงเทพมหานคร เขต 11),http://202.6.26.16/images/candidate/thumb/10/11/2cc133bd-48a6-4922-9bac-22beade63f25.jpg,เศรษฐกิจใหม่,zone,กรุงเทพมหานคร,11
วัชรินทร์ อนันต์หน่อ,ส.ส. เขต (กรุงเทพมหานคร เขต 12),http://202.6.26.16/images/candidate/thumb/10/12/e3437d5f-b15e-4f25-b208-6b691362caf5.jpg,เศรษฐกิจใหม่,zone,กรุงเทพมหานคร,12
นิตยา ชูกำเหนิด,ส.ส. เขต (กรุงเทพมหานคร เขต 13),http://202.6.26.16/images/candidate/thumb/10/13/65e279af-b6fd-42a0-b27d-03365b1e2f07.jpg,เศรษฐกิจใหม่,zone,กรุงเทพมหานคร,13
สุพจน์ อินทะสุข,ส.ส. เขต (กรุงเทพมหานคร เขต 14),http://202.6.26.16/images/candidate/thumb/10/14/9da89fcf-355c-4112-bff4-0915c1849903.jpg,เศรษฐกิจใหม่,zone,กรุงเทพมหานคร,14
วุฒิชัย จุลวงศ์,ส.ส. เขต (กรุงเทพมหานคร เขต 15),http://202.6.26.16/images/candidate/thumb/10/15/c68230b0-da8b-41a7-a2b2-ff5b48b468cb.jpg,เศรษฐกิจใหม่,zone,กรุงเทพมหานคร,15
ผดุง แสนสุข,ส.ส. เขต (กรุงเทพมหานคร เขต 16),http://202.6.26.16/images/candidate/thumb/10/16/765962b6-326b-4290-83b4-c90128805116.jpg,เศรษฐกิจใหม่,zone,กรุงเทพมหานคร,16
ถนอม หนวดงาม,ส.ส. เขต (กรุงเทพมหานคร เขต 17),http://202.6.26.16/images/candidate/thumb/10/17/d06a7761-c628-4135-8e17-968b27a59468.jpg,เศรษฐกิจใหม่,zone,กรุงเทพมหานคร,17
พิมพ์ชยา สุรสาระพันธุ์,ส.ส. เขต (กรุงเทพมหานคร เขต 18),http://202.6.26.16/images/candidate/thumb/10/18/4ee96909-3e01-41da-9bfa-5df0f35c6ab5.jpg,เศรษฐกิจใหม่,zone,กรุงเทพมหานคร,18
อาศิระ ประวัติยากูร,ส.ส. เขต (กรุงเทพมหานคร เขต 19),http://202.6.26.16/images/candidate/thumb/10/19/75741747-9e30-4e0c-bd41-d8a9da54b6f3.jpg,เศรษฐกิจใหม่,zone,กรุงเทพมหานคร,19
ทิพยวรรณ แสงสาคร,ส.ส. เขต (กรุงเทพมหานคร เขต 20),http://202.6.26.16/images/candidate/thumb/10/20/c48fa2a0-e95d-46a1-b2b4-4081d9566500.jpg,เศรษฐกิจใหม่,zone,กรุงเทพมหานคร,20
ณัฏฐิยา จยะสกุล,ส.ส. เขต (กรุงเทพมหานคร เขต 21),http://202.6.26.16/images/candidate/thumb/10/21/0f620237-8574-4ff8-8088-c6151ce6a1fb.jpg,เศรษฐกิจใหม่,zone,กรุงเทพมหานคร,21
สุภกิจ สุรจินตนาภรณ์,ส.ส. เขต (กรุงเทพมหานคร เขต 22),http://202.6.26.16/images/candidate/thumb/10/22/e2e3ded9-a278-490f-9a77-5ee87cffd9df.jpg,เศรษฐกิจใหม่,zone,กรุงเทพมหานคร,22
จักรกฤษ เสริฐศรี,ส.ส. เขต (กรุงเทพมหานคร เขต 23),http://202.6.26.16/images/candidate/thumb/10/23/9f4fb741-2f9a-4452-9537-c6e50b16e493.jpg,เศรษฐกิจใหม่,zone,กรุงเทพมหานคร,23
วิชาญ เขาหา,ส.ส. เขต (กรุงเทพมหานคร เขต 24),http://202.6.26.16/images/candidate/thumb/10/24/41b554a3-773d-4e19-8fd3-460c03143ae7.jpg,เศรษฐกิจใหม่,zone,กรุงเทพมหานคร,24
นารัตน์ วงวาลย์,ส.ส. เขต (กรุงเทพมหานคร เขต 25),http://202.6.26.16/images/candidate/thumb/10/25/4e64621e-4f82-4f94-aa5b-b510fb29c1d1.jpg,เศรษฐกิจใหม่,zone,กรุงเทพมหานคร,25
อรวรรณ จั่นบำรุง,ส.ส. เขต (กรุงเทพมหานคร เขต 26),http://202.6.26.16/images/candidate/thumb/10/26/ef58312d-7881-44f5-a70b-208086f9642f.jpg,เศรษฐกิจใหม่,zone,กรุงเทพมหานคร,26
ดนัย อินทรพยุง,ส.ส. เขต (กรุงเทพมหานคร เขต 27),http://202.6.26.16/images/candidate/thumb/10/27/14e7c2f7-339b-4e9c-868f-89587b1e572b.jpg,เศรษฐกิจใหม่,zone,กรุงเทพมหานคร,27
ชัยกฤตย์ เดชณรงค์,ส.ส. เขต (กรุงเทพมหานคร เขต 28),http://202.6.26.16/images/candidate/thumb/10/28/8ef7b106-3366-4cab-82d3-cccfc17f607d.jpg,เศรษฐกิจใหม่,zone,กรุงเทพมหานคร,28
อภิกษณาอร ลิ่วเฉลิมวงศ์,ส.ส. เขต (กรุงเทพมหานคร เขต 29),http://202.6.26.16/images/candidate/thumb/10/29/b61ea22f-1810-46c7-9988-c89b99727191.jpg,เศรษฐกิจใหม่,zone,กรุงเทพมหานคร,29
ศิริวัฒน์ ไชยธวัช,ส.ส. เขต (กรุงเทพมหานคร เขต 30),http://202.6.26.16/images/candidate/thumb/10/30/389c6e14-f1e8-424d-b1d3-6f21fe7cba03.jpg,เศรษฐกิจใหม่,zone,กรุงเทพมหานคร,30
มิ่งขวัญ แสงสุวรรณ์,ส.ส. บัญชีรายชื่อ (ลำดับที่ 1),http://202.6.26.16/images/candidate/thumb/00/82/c26be01b-4a40-4f86-b265-de77d782858d.jpg,เศรษฐกิจใหม่,partylist,-,-
สุภดิช อากาศฤกษ์,ส.ส. บัญชีรายชื่อ (ลำดับที่ 2),http://202.6.26.16/images/candidate/thumb/00/82/e5919653-15db-447e-8d7d-cb3dc6b20e7b.jpg,เศรษฐกิจใหม่,partylist,-,-
นิยม วิวรรธนดิฐกุล,ส.ส. บัญชีรายชื่อ (ลำดับที่ 3),http://202.6.26.16/images/candidate/thumb/00/82/fffe5e32-2fab-4aa9-abc6-1dab33fe892c.jpg,เศรษฐกิจใหม่,partylist,-,-
ภาสกร เงินเจริญกุล,ส.ส. บัญชีรายชื่อ (ลำดับที่ 4),http://202.6.26.16/images/candidate/thumb/00/82/dc6a83c3-276a-470d-8184-7c059a6218ec.jpg,เศรษฐกิจใหม่,partylist,-,-
มนูญ สิวาภิรมย์รัตน์,ส.ส. บัญชีรายชื่อ (ลำดับที่ 5),http://202.6.26.16/images/candidate/thumb/00/82/61731726-7e69-4ce5-8e5b-e19530640b34.jpg,เศรษฐกิจใหม่,partylist,-,-
มารศรี ขจรเรืองโรจน์,ส.ส. บัญชีรายชื่อ (ลำดับที่ 6),http://202.6.26.16/images/candidate/thumb/00/82/d5dbb9a8-4148-4221-a4b5-5a0962a89a60.jpg,เศรษฐกิจใหม่,partylist,-,-
น้ำเพชร บุญธาราม,ส.ส. บัญชีรายชื่อ (ลำดับที่ 7),http://202.6.26.16/images/candidate/thumb/00/82/b32450e0-fd2e-4fd0-a0c8-eef098a9f003.jpg,เศรษฐกิจใหม่,partylist,-,-
จิราพร นาคดิลก,ส.ส. บัญชีรายชื่อ (ลำดับที่ 8),http://202.6.26.16/images/candidate/thumb/00/82/9b17fd59-d191-4c0f-811f-39d2e841b5d1.jpg,เศรษฐกิจใหม่,partylist,-,-
พิชัย ขจรเรืองโรจน์,ส.ส. บัญชีรายชื่อ (ลำดับที่ 9),http://202.6.26.16/images/candidate/thumb/00/82/7fd0d74c-3896-4231-81bc-50e9f1dd7d0b.jpg,เศรษฐกิจใหม่,partylist,-,-
อาทิตยา อะนะฝรั่ง,ส.ส. บัญชีรายชื่อ (ลำดับที่ 10),http://202.6.26.16/images/candidate/thumb/00/82/4e7af6b4-c3b0-4d6b-994d-65d1bef274a2.jpg,เศรษฐกิจใหม่,partylist,-,-
มยุรา ชุมภูนท์,ส.ส. บัญชีรายชื่อ (ลำดับที่ 11),http://202.6.26.16/images/candidate/thumb/00/82/465414dc-1045-4cf3-8f80-a8ee42ad35fb.jpg,เศรษฐกิจใหม่,partylist,-,-
อนัญญา ปัสนานนท์,ส.ส. บัญชีรายชื่อ (ลำดับที่ 12),http://202.6.26.16/images/candidate/thumb/00/82/11414547-ef1a-4985-beee-ade6dcb1825b.jpg,เศรษฐกิจใหม่,partylist,-,-
ชัชพิมุข พงษ์พจน์พิพัฒน์,ส.ส. บัญชีรายชื่อ (ลำดับที่ 13),http://202.6.26.16/images/candidate/thumb/00/82/2f2d2b6e-7182-4b5d-aa0e-d8cb412fa266.jpg,เศรษฐกิจใหม่,partylist,-,-
วิฑูรย์ นามคุณ,ส.ส. บัญชีรายชื่อ (ลำดับที่ 14),http://202.6.26.16/images/candidate/thumb/00/82/bef9a1dd-9951-463f-8ccd-a033a8f4a63f.jpg,เศรษฐกิจใหม่,partylist,-,-
เนติภูมิ ริยาพันธ์,ส.ส. บัญชีรายชื่อ (ลำดับที่ 15),http://202.6.26.16/images/candidate/thumb/00/82/656eef8c-751e-4601-a0bd-0b39a162bcfb.jpg,เศรษฐกิจใหม่,partylist,-,-
พรพจน์ เจริญทั้งศิลปชีพ,ส.ส. บัญชีรายชื่อ (ลำดับที่ 16),http://202.6.26.16/images/candidate/thumb/00/82/bb1b20ad-c07b-4245-9345-5559966ab53b.jpg,เศรษฐกิจใหม่,partylist,-,-
อภิวัฒน์ อากาศฤกษ์,ส.ส. บัญชีรายชื่อ (ลำดับที่ 17),http://202.6.26.16/images/candidate/thumb/00/82/f8e54eb6-5834-4fd7-ae2c-e2043d454530.jpg,เศรษฐกิจใหม่,partylist,-,-
ปัทมาภรณ์ แสงดี,ส.ส. บัญชีรายชื่อ (ลำดับที่ 18),http://202.6.26.16/images/candidate/thumb/00/82/87b04cdb-dda8-410f-8524-5a45eb1223e9.jpg,เศรษฐกิจใหม่,partylist,-,-
ไพรัตน์ ชุมภูนท์,ส.ส. บัญชีรายชื่อ (ลำดับที่ 19),http://202.6.26.16/images/candidate/thumb/00/82/f9f21bf4-812a-487d-9a8f-717580c91f13.jpg,เศรษฐกิจใหม่,partylist,-,-
สมชาย ปานพรหมมินทร์,ส.ส. บัญชีรายชื่อ (ลำดับที่ 20),http://202.6.26.16/images/candidate/thumb/00/82/6b73e34f-193c-4098-b9de-5d768d543de1.jpg,เศรษฐกิจใหม่,partylist,-,-
ชัชวาฬ ชาวนา,ส.ส. บัญชีรายชื่อ (ลำดับที่ 21),http://202.6.26.16/images/candidate/thumb/00/82/e5200a1d-8d0b-4460-a650-ee236f1d1a18.jpg,เศรษฐกิจใหม่,partylist,-,-
นครินทร์ บุญพารอด,ส.ส. บัญชีรายชื่อ (ลำดับที่ 22),http://202.6.26.16/images/candidate/thumb/00/82/43e28a5a-55a7-49d7-8181-7eb983b167b5.jpg,เศรษฐกิจใหม่,partylist,-,-
สุขสันติ์ เกษตรกาลาม์,ส.ส. บัญชีรายชื่อ (ลำดับที่ 23),http://202.6.26.16/images/candidate/thumb/00/82/7fade826-579e-4224-9ae4-69b96316c23b.jpg,เศรษฐกิจใหม่,partylist,-,-
วัชรพงศ์ ชัยรามัน,ส.ส. บัญชีรายชื่อ (ลำดับที่ 24),http://202.6.26.16/images/candidate/thumb/00/82/25809407-0db7-4efd-b3e3-7d20d02e3909.jpg,เศรษฐกิจใหม่,partylist,-,-
ณัฐพล เนื่องชมภู,ส.ส. บัญชีรายชื่อ (ลำดับที่ 25),http://202.6.26.16/images/candidate/thumb/00/82/03e1258a-d640-47a7-bcec-599c7a7e5859.jpg,เศรษฐกิจใหม่,partylist,-,-
ฮงค์ฑัย แซ่ตัน,ส.ส. บัญชีรายชื่อ (ลำดับที่ 26),http://202.6.26.16/images/candidate/thumb/00/82/e72e2a2c-ed7e-44ab-9252-39d58b640942.jpg,เศรษฐกิจใหม่,partylist,-,-
รักษิต ศักดิ์ผิวฝาด,ส.ส. บัญชีรายชื่อ (ลำดับที่ 27),http://202.6.26.16/images/candidate/thumb/00/82/ea451945-fe7e-4158-acdd-939a61e66cfb.jpg,เศรษฐกิจใหม่,partylist,-,-
สถาพร คงศิริไพศาล,ส.ส. บัญชีรายชื่อ (ลำดับที่ 28),http://202.6.26.16/images/candidate/thumb/00/82/5dd66aec-63c6-4be2-b2b0-0f05dfe4efc7.jpg,เศรษฐกิจใหม่,partylist,-,-
สมยศ แสงสุวรรณ,ส.ส. บัญชีรายชื่อ (ลำดับที่ 29),http://202.6.26.16/images/candidate/thumb/00/82/d7679f58-8dc1-4123-8793-3ad02b67942e.jpg,เศรษฐกิจใหม่,partylist,-,-
ปณิธาน เพ็ญสาดแสง,ส.ส. บัญชีรายชื่อ (ลำดับที่ 30),http://202.6.26.16/images/candidate/thumb/00/82/80e8f4ac-cf38-431b-aa9f-a71b669cac4c.jpg,เศรษฐกิจใหม่,partylist,-,-
บุญเลิศ เหลียงกอบกิจ,ส.ส. บัญชีรายชื่อ (ลำดับที่ 31),http://202.6.26.16/images/candidate/thumb/00/82/adebc143-94b5-4a42-bbab-a0367b22892d.jpg,เศรษฐกิจใหม่,partylist,-,-
ประพันธ์ เอี่ยมศิริ,ส.ส. บัญชีรายชื่อ (ลำดับที่ 32),http://202.6.26.16/images/candidate/thumb/00/82/50a4489c-2643-447a-91c8-9e18d4a946d0.jpg,เศรษฐกิจใหม่,partylist,-,-
ประสพ บุษราคัม,ส.ส. บัญชีรายชื่อ (ลำดับที่ 33),http://202.6.26.16/images/candidate/thumb/00/82/69861855-0bc8-4d91-b7f4-5a7443cd2d01.jpg,เศรษฐกิจใหม่,partylist,-,-
กฤษ ภัทรวรโยธิน,ส.ส. บัญชีรายชื่อ (ลำดับที่ 34),http://202.6.26.16/images/candidate/thumb/00/82/9af1a87f-b7b6-48bc-a9f0-63b93d702512.jpg,เศรษฐกิจใหม่,partylist,-,-
ฐกฤต จันทร์แก้ว,ส.ส. บัญชีรายชื่อ (ลำดับที่ 35),http://202.6.26.16/images/candidate/thumb/00/82/56eeefb3-6d76-4073-9e89-738f45203ad2.jpg,เศรษฐกิจใหม่,partylist,-,-
กชกร ภูมิลักษณ์,ส.ส. บัญชีรายชื่อ (ลำดับที่ 36),http://202.6.26.16/images/candidate/thumb/00/82/c65905e4-ce09-4022-a5f5-0b5cc6746410.jpg,เศรษฐกิจใหม่,partylist,-,-
ชัชวาล ทรัพย์สาร,ส.ส. บัญชีรายชื่อ (ลำดับที่ 37),http://202.6.26.16/images/candidate/thumb/00/82/c2aa8448-be45-481e-9c35-e8c54c899108.jpg,เศรษฐกิจใหม่,partylist,-,-
รีกรือลี เจะแว,ส.ส. บัญชีรายชื่อ (ลำดับที่ 38),http://202.6.26.16/images/candidate/thumb/00/82/b8857cab-863d-44bd-954f-9d4f9a70a6a4.jpg,เศรษฐกิจใหม่,partylist,-,-
ไพโรจน์ ทองคำ,ส.ส. บัญชีรายชื่อ (ลำดับที่ 39),http://202.6.26.16/images/candidate/thumb/00/82/a112c7e6-bdec-49b7-bd2e-39c0e87f606f.jpg,เศรษฐกิจใหม่,partylist,-,-
อุทัยทิพย์ เปราะแดง,ส.ส. บัญชีรายชื่อ (ลำดับที่ 40),http://202.6.26.16/images/candidate/thumb/00/82/368e4735-c705-4bef-8e01-f0c4feae6ba2.jpg,เศรษฐกิจใหม่,partylist,-,-
ทักษิณ กิณรีย์,ส.ส. บัญชีรายชื่อ (ลำดับที่ 41),http://202.6.26.16/images/candidate/thumb/00/82/bc0c833d-5089-4909-870b-c8d848e863eb.jpg,เศรษฐกิจใหม่,partylist,-,-
ณฐมน ฐิติชญานัน,ส.ส. บัญชีรายชื่อ (ลำดับที่ 42),http://202.6.26.16/images/candidate/thumb/00/82/e5330e94-7c04-4485-9e4b-f0a3185183da.jpg,เศรษฐกิจใหม่,partylist,-,-
จิตประสงค์ หนูชัยแก้ว,ส.ส. บัญชีรายชื่อ (ลำดับที่ 43),http://202.6.26.16/images/candidate/thumb/00/82/d6cb1538-ee7a-4110-bafa-7cbf6b1f282d.jpg,เศรษฐกิจใหม่,partylist,-,-
ชูพิศ แพลนสัมฤทธิ์,ส.ส. บัญชีรายชื่อ (ลำดับที่ 44),http://202.6.26.16/images/candidate/thumb/00/82/78bf92ec-c59d-4ac0-ba12-691796556361.jpg,เศรษฐกิจใหม่,partylist,-,-
สุรส เนื่องชมภู,ส.ส. บัญชีรายชื่อ (ลำดับที่ 45),http://202.6.26.16/images/candidate/thumb/00/82/1550a201-1dca-4b18-8bef-ac2bb6ca6922.jpg,เศรษฐกิจใหม่,partylist,-,-
แพรวพรรณ พริ้งพร้อม,ส.ส. บัญชีรายชื่อ (ลำดับที่ 46),http://202.6.26.16/images/candidate/thumb/00/82/8d8b91c7-ae1b-4b73-b78e-b601cb59a8a1.jpg,เศรษฐกิจใหม่,partylist,-,-
คเณศ จำนงค์ธรรม,ส.ส. บัญชีรายชื่อ (ลำดับที่ 47),http://202.6.26.16/images/candidate/thumb/00/82/2cc524d8-fc4b-40e9-a672-12e8de4ccec7.jpg,เศรษฐกิจใหม่,partylist,-,-
ชัยยงค์ ถียัง,ส.ส. บัญชีรายชื่อ (ลำดับที่ 48),http://202.6.26.16/images/candidate/thumb/00/82/2f7c2652-03d9-43e4-a5a4-8b45a0c99616.jpg,เศรษฐกิจใหม่,partylist,-,-
นคร อุนจะนำ,ส.ส. บัญชีรายชื่อ (ลำดับที่ 49),http://202.6.26.16/images/candidate/thumb/00/82/3bed6a26-740f-45ea-b26b-0a7152ac45a4.jpg,เศรษฐกิจใหม่,partylist,-,-
พิชญาณีย์ มะโรงจันทร์,ส.ส. บัญชีรายชื่อ (ลำดับที่ 50),http://202.6.26.16/images/candidate/thumb/00/82/8cb08b08-aa6e-4387-b3c9-c0a38bdcab3c.jpg,เศรษฐกิจใหม่,partylist,-,-
อำนวย งามเทศ,ส.ส. บัญชีรายชื่อ (ลำดับที่ 51),http://202.6.26.16/images/candidate/thumb/00/82/c466b435-703d-445a-a5d2-85eef73759fa.jpg,เศรษฐกิจใหม่,partylist,-,-
พัทธวรรณ เกียรตินันทวิมล,ส.ส. บัญชีรายชื่อ (ลำดับที่ 52),http://202.6.26.16/images/candidate/thumb/00/82/eaa44a75-2fc4-4bdc-949a-9620e1eb53d4.jpg,เศรษฐกิจใหม่,partylist,-,-
ฉัตรชัย คำใส,ส.ส. บัญชีรายชื่อ (ลำดับที่ 53),http://202.6.26.16/images/candidate/thumb/00/82/d7697f35-b78e-44c4-9d7c-5f6751985656.jpg,เศรษฐกิจใหม่,partylist,-,-
แขไข ฐิติชญานัน,ส.ส. บัญชีรายชื่อ (ลำดับที่ 54),http://202.6.26.16/images/candidate/thumb/00/82/a8c5c42c-6a66-4102-9608-73a76ab4b753.jpg,เศรษฐกิจใหม่,partylist,-,-
ธนพงศ์ เนื่องนา,ส.ส. บัญชีรายชื่อ (ลำดับที่ 55),http://202.6.26.16/images/candidate/thumb/00/82/1d04a31d-dbc4-4d2c-ae57-cc6910ee0180.jpg,เศรษฐกิจใหม่,partylist,-,-
วรงค์กรณ์ สมศรี,ส.ส. บัญชีรายชื่อ (ลำดับที่ 56),http://202.6.26.16/images/candidate/thumb/00/82/a54fb9a6-f34f-478a-a0d3-a4991be9777f.jpg,เศรษฐกิจใหม่,partylist,-,-
คมสันต์ ม่วงเกิน,ส.ส. บัญชีรายชื่อ (ลำดับที่ 57),http://202.6.26.16/images/candidate/thumb/00/82/f83af5a0-0bce-4285-8111-88a5020c2589.jpg,เศรษฐกิจใหม่,partylist,-,-
เฉลิมเกียรติ กีรติบุญมานนท์,ส.ส. บัญชีรายชื่อ (ลำดับที่ 58),http://202.6.26.16/images/candidate/thumb/00/82/3007c53d-8b47-4b6c-a292-1ed0f1b081ac.jpg,เศรษฐกิจใหม่,partylist,-,-
ภัทราพร บุญหนุน,ส.ส. บัญชีรายชื่อ (ลำดับที่ 59),http://202.6.26.16/images/candidate/thumb/00/82/b2dfecae-9d0b-4d07-a4c4-4a72ea6e2ade.jpg,เศรษฐกิจใหม่,partylist,-,-
สรรค์ ศักดิ์ยโส,ส.ส. บัญชีรายชื่อ (ลำดับที่ 60),http://202.6.26.16/images/candidate/thumb/00/82/3bf3fcbf-c8b3-416f-be0c-073dbad2fd33.jpg,เศรษฐกิจใหม่,partylist,-,-
สมชาย ยุซิ,ส.ส. บัญชีรายชื่อ (ลำดับที่ 61),http://202.6.26.16/images/candidate/thumb/00/82/93c16d9a-80e4-423a-bf6f-568f9dec7da4.jpg,เศรษฐกิจใหม่,partylist,-,-
ณัฐชรัตน์ ทวีโชติวรรัชต์,ส.ส. บัญชีรายชื่อ (ลำดับที่ 62),http://202.6.26.16/images/candidate/thumb/00/82/31999605-39b2-4a36-8add-31b3a8732f23.jpg,เศรษฐกิจใหม่,partylist,-,-
ธนวรรธน์ พามี,ส.ส. บัญชีรายชื่อ (ลำดับที่ 63),http://202.6.26.16/images/candidate/thumb/00/82/f57fad14-8d20-477e-a77a-7d14aecf5854.jpg,เศรษฐกิจใหม่,partylist,-,-
กิตติชยานันท์ สร้อยเสนา,ส.ส. บัญชีรายชื่อ (ลำดับที่ 64),http://202.6.26.16/images/candidate/thumb/00/82/d1febf5d-19e5-4e9d-b3af-e5309acdbc58.jpg,เศรษฐกิจใหม่,partylist,-,-
เกรียงศักดิ์ แก้วสืบ,ส.ส. บัญชีรายชื่อ (ลำดับที่ 65),http://202.6.26.16/images/candidate/thumb/00/82/c36bd147-bc9e-44b4-b693-7b2961e07224.jpg,เศรษฐกิจใหม่,partylist,-,-
จันทร์ดี เอกศรี,ส.ส. บัญชีรายชื่อ (ลำดับที่ 66),http://202.6.26.16/images/candidate/thumb/00/82/32066097-8069-4862-8252-7dd79d19c5d4.jpg,เศรษฐกิจใหม่,partylist,-,-
สายชล สุริยันต์,ส.ส. บัญชีรายชื่อ (ลำดับที่ 67),http://202.6.26.16/images/candidate/thumb/00/82/43069637-a2ab-4565-b9b3-cb56761d901f.jpg,เศรษฐกิจใหม่,partylist,-,-
อชิตพล อินทร์ไชย,ส.ส. บัญชีรายชื่อ (ลำดับที่ 68),http://202.6.26.16/images/candidate/thumb/00/82/8e6e4b2d-f997-4bdd-95ed-5b607f109d93.jpg,เศรษฐกิจใหม่,partylist,-,-
ปริภัทร จินดาโกมุท,ส.ส. บัญชีรายชื่อ (ลำดับที่ 69),http://202.6.26.16/images/candidate/thumb/00/82/2d5dc3c4-bfaf-4749-bb2e-9fd077620775.jpg,เศรษฐกิจใหม่,partylist,-,-
นภัสวรรณ เปียสวน,ส.ส. บัญชีรายชื่อ (ลำดับที่ 70),http://202.6.26.16/images/candidate/thumb/00/82/fee75cc5-acb5-4e1e-97d6-6a0252164cf7.jpg,เศรษฐกิจใหม่,partylist,-,-
รุ่งโรจน์ เรียนเพชร,ส.ส. บัญชีรายชื่อ (ลำดับที่ 71),http://202.6.26.16/images/candidate/thumb/00/82/1998d9ce-c1f1-41a8-9ee2-522ea0ebf9f2.jpg,เศรษฐกิจใหม่,partylist,-,-
คำพอง ทานิสุด,ส.ส. บัญชีรายชื่อ (ลำดับที่ 72),http://202.6.26.16/images/candidate/thumb/00/82/db95c87c-b6eb-43e8-84cd-0a265ec2fdd2.jpg,เศรษฐกิจใหม่,partylist,-,-
พิชยา มูลศรีแก้ว,ส.ส. บัญชีรายชื่อ (ลำดับที่ 73),http://202.6.26.16/images/candidate/thumb/00/82/2ece32c1-bbd6-48da-88a7-84ac5272955b.jpg,เศรษฐกิจใหม่,partylist,-,-
อดุลย์ โคตรพันธ์,ส.ส. บัญชีรายชื่อ (ลำดับที่ 74),http://202.6.26.16/images/candidate/thumb/00/82/db96ec00-6a87-46c7-b213-7699e613da84.jpg,เศรษฐกิจใหม่,partylist,-,-
เชาวน์ อารมย์ดี,ส.ส. บัญชีรายชื่อ (ลำดับที่ 75),http://202.6.26.16/images/candidate/thumb/00/82/1c858d93-6033-434f-b402-58e34087f1c1.jpg,เศรษฐกิจใหม่,partylist,-,-
สมศักดิ์ รักธรรม,ส.ส. บัญชีรายชื่อ (ลำดับที่ 76),http://202.6.26.16/images/candidate/thumb/00/82/15d334c8-0656-4013-91d8-4cc396ff92e8.jpg,เศรษฐกิจใหม่,partylist,-,-
วิษณุภตฆ์ พีรเจริญวงส์,ส.ส. บัญชีรายชื่อ (ลำดับที่ 77),http://202.6.26.16/images/candidate/thumb/00/82/0da4a884-2d62-48d3-950e-3c424fc7c922.jpg,เศรษฐกิจใหม่,partylist,-,-
มณฑล เจริญวิชญ์,ส.ส. บัญชีรายชื่อ (ลำดับที่ 78),http://202.6.26.16/images/candidate/thumb/00/82/d45a26be-c361-4c72-ac0f-1fa7f59b9554.jpg,เศรษฐกิจใหม่,partylist,-,-
อุหรัน นนท์ศิริ,ส.ส. บัญชีรายชื่อ (ลำดับที่ 79),http://202.6.26.16/images/candidate/thumb/00/82/a06c468d-2dc0-4c9e-8f6e-b35c49e99007.jpg,เศรษฐกิจใหม่,partylist,-,-
กนกอร จำปาวงษ์,ส.ส. บัญชีรายชื่อ (ลำดับที่ 80),http://202.6.26.16/images/candidate/thumb/00/82/ebaaabd8-f150-4348-a151-8a59157e0cda.jpg,เศรษฐกิจใหม่,partylist,-,-
ปกรณ์ แก้วงาม,ส.ส. บัญชีรายชื่อ (ลำดับที่ 81),http://202.6.26.16/images/candidate/thumb/00/82/6dd9944d-30da-4301-8f13-6399a75e73be.jpg,เศรษฐกิจใหม่,partylist,-,-
